BIDS,1,25260635,36721,1,100,10000
BIDS,1,25260771,37229,9,10,184000
BIDS,1,25260772,37237,7,55,190000
BIDS,1,25260775,37263,3,10,160700
BIDS,1,25260775,37267,7,10,173700
BIDS,1,25260776,37271,1,28,176000
BIDS,1,25260776,37275,5,10,175300
BIDS,1,25260779,37299,9,5,100700
BIDS,0,25260776,37271,1,28,176000
BIDS,0,25260771,37229,9,10,184000
BIDS,0,25260772,37237,7,55,190000
BIDS,1,25265772,46348,8,28,176000
BIDS,1,25265779,46355,5,10,184000
BIDS,0,25260775,37263,3,10,160700
BIDS,0,25260775,37267,7,10,173700
BIDS,0,25260779,37299,9,5,100700
BIDS,0,25260776,37275,5,10,175300
BIDS,1,25265797,46363,3,55,190000
BIDS,1,25265830,46388,8,10,160700
BIDS,1,25265832,46396,6,10,173700
BIDS,1,25265833,46399,9,5,100700
BIDS,1,25265833,46400,0,10,175300
BIDS,1,25330601,57976,6,500,195000
BIDS,1,25381203,62467,7,1,10000
BIDS,1,25386866,62859,9,1,10000
BIDS,0,25386866,62859,9,1,10000
BIDS,0,25381203,62467,7,1,10000
BIDS,0,25260635,36721,1,100,10000
BIDS,1,25419426,69377,7,1,10000
BIDS,1,25424677,70367,7,1,10000
BIDS,0,25424677,70367,7,1,10000
BIDS,0,25419426,69377,7,1,10000
BIDS,1,25499558,87913,3,100,10000
BIDS,0,25499558,87913,3,100,10000
BIDS,1,25509632,90097,7,800,195200
BIDS,1,25515315,90939,9,1,10000
BIDS,1,25520615,91729,9,1,10000
BIDS,0,25330601,57976,6,500,195000
BIDS,1,25587868,101635,5,200,195200
BIDS,0,25515315,90939,9,1,10000
BIDS,0,25587868,101635,5,200,195200
BIDS,1,25615272,106653,3,200,195300
BIDS,0,25520615,91729,9,1,10000
BIDS,1,25838658,141875,5,1,100
BIDS,0,25838658,141875,5,1,100
BIDS,1,26095691,165744,4,800,197500
BIDS,1,26236457,178148,8,400,195600
BIDS,1,26261348,180911,1,200,190500
BIDS,0,26261348,180911,1,200,190500
BIDS,0,26236457,178148,8,400,195600
BIDS,1,26355263,186813,3,400,195700
BIDS,1,26378141,188410,0,1,100
BIDS,0,26378141,188410,0,1,100
BIDS,0,26095691,165744,4,800,197500
BIDS,1,26431620,192317,7,800,197600
BIDS,0,26355263,186813,3,400,195700
BIDS,1,26515193,200083,3,400,195600
BIDS,0,26431620,192317,7,800,197600
BIDS,1,26431620,192317,7,400,197600
BIDS,0,26431620,192317,7,400,197600
BIDS,1,26752865,227027,7,100,191800
BIDS,0,26515193,200083,3,400,195600
BIDS,1,27000158,253542,2,100,100
BIDS,1,27105893,389056,6,500,197100
BIDS,1,27683927,642050,0,100,100
BIDS,1,28158544,712392,2,1000,197600
BIDS,1,28167827,713112,2,400,195000
BIDS,0,27105893,389056,6,500,197100
BIDS,1,28271471,728199,9,500,197700
BIDS,1,28281303,729412,2,1,10000
BIDS,0,28281303,729412,2,1,10000
BIDS,0,28271471,728199,9,500,197700
BIDS,1,28553011,767536,6,500,197600
BIDS,1,28560098,768703,3,1,100
BIDS,0,28560098,768703,3,1,100
BIDS,1,28561899,769010,0,1,100
BIDS,0,28561899,769010,0,1,100
BIDS,1,28563698,769241,1,1,100
BIDS,0,28563698,769241,1,1,100
BIDS,0,28553011,767536,6,500,197600
BIDS,1,28581698,772814,4,500,196500
BIDS,1,28800085,805197,7,100,188700
BIDS,1,28800094,805420,0,4000,192200
BIDS,1,28800106,805698,8,500,182500
BIDS,1,28800109,805768,8,65,185000
BIDS,1,28800115,805892,2,100,170300
BIDS,1,28800127,806183,3,1142,180000
BIDS,1,28800133,806310,0,75,163700
BIDS,1,28800139,806456,6,100,175100
BIDS,1,28800199,807880,0,900,190000
BIDS,1,28800199,807889,9,15,169700
BIDS,1,28800221,808405,5,300,168700
BIDS,1,28800232,808659,9,25,163400
BIDS,1,28800241,808872,2,10000,1200
BIDS,1,28800242,808897,7,7,168000
BIDS,1,28800286,809961,1,655,165500
BIDS,1,28800291,810077,7,300,190000
BIDS,1,28800305,810384,4,1000,90000
BIDS,1,28800341,811246,6,300,160100
BIDS,1,28800342,811273,3,100,172500
BIDS,1,28800385,812276,6,300,184000
BIDS,1,28800389,812376,6,100,170000
BIDS,1,28800471,814166,6,30,177500
BIDS,1,28800490,814594,4,200,176600
BIDS,1,28800505,814900,0,250,183000
BIDS,1,28800521,815236,6,500,9700
BIDS,1,28800529,815424,4,100,140000
BIDS,1,28800579,816543,3,300,190500
BIDS,1,28800580,816549,9,1000,185000
BIDS,1,28800625,817530,0,200,168700
BIDS,1,28800635,817768,8,100,187500
BIDS,1,28800705,819421,1,100,180000
BIDS,1,28800706,819444,4,100,180000
BIDS,1,28800728,819972,2,1000,100000
BIDS,1,28800745,820349,9,200,150000
BIDS,1,28800758,820642,2,100,192500
BIDS,1,28800783,821239,9,57,172700
BIDS,1,28800840,822596,6,300,170000
BIDS,1,28800840,822601,1,25,170100
BIDS,1,28800863,823160,0,50,158000
BIDS,1,28800891,823836,6,1000,120100
BIDS,1,28800925,824713,3,100,190000
BIDS,1,28800926,824716,6,200,196600
BIDS,1,28800927,824746,6,1000,165500
BIDS,1,28800932,824886,6,133,150000
BIDS,1,28800938,825042,2,100,165000
BIDS,1,28800984,826105,5,135,176000
BIDS,1,28800984,826117,7,100,165000
BIDS,1,28800998,826483,3,40,138700
BIDS,1,28801023,827122,2,200,185000
BIDS,1,28801058,827989,9,2000,18700
BIDS,1,28801074,828408,8,100,175000
BIDS,1,28801101,829076,6,50,175000
BIDS,1,28801108,829246,6,100,150000
BIDS,1,28801128,829716,6,200,180000
BIDS,1,28801155,830335,5,70,120000
BIDS,1,28801192,831198,8,100,125000
BIDS,1,28801195,831260,0,105,190000
BIDS,1,28801271,832950,0,100,180000
BIDS,1,28801319,833983,3,2550,180000
BIDS,1,28801320,834006,6,50,170000
BIDS,1,28801368,835097,7,200,180000
BIDS,1,28801377,835286,6,100,138700
BIDS,1,28801390,835563,3,25,182100
BIDS,1,28801393,835633,3,6,171500
BIDS,1,28801413,836065,5,16,124300
BIDS,1,28801432,836480,0,100,140000
BIDS,1,28801437,836598,8,110,177500
BIDS,1,28801449,836868,8,40,168700
BIDS,1,28801484,837608,8,200,148700
BIDS,1,28801487,837682,2,1000,148700
BIDS,1,28801499,837951,1,13,186800
BIDS,1,28801504,838065,5,1000,1200
BIDS,1,28801509,838159,9,400,8700
BIDS,1,28801529,838578,8,177,186000
BIDS,1,28801529,838589,9,200,187800
BIDS,1,28801530,838607,7,10,120000
BIDS,1,28801572,839470,0,100,170000
BIDS,1,28801579,839611,1,10,140000
BIDS,1,28801587,839773,3,200,118700
BIDS,1,28801590,839835,5,200,101300
BIDS,1,28801599,840020,0,300,126200
BIDS,1,28801600,840036,6,300,163700
BIDS,1,28801640,840900,0,25,150000
BIDS,1,28801646,841036,6,500,145000
BIDS,1,28801649,841084,4,100,182500
BIDS,1,28801713,842422,2,200,8700
BIDS,1,28801758,843335,5,50,170000
BIDS,1,28801761,843412,2,300,180000
BIDS,1,28801782,843849,9,40,150000
BIDS,1,28801792,844057,7,2000,9200
BIDS,1,28801793,844061,1,100,170000
BIDS,1,28801794,844095,5,100,180000
BIDS,1,28801815,844518,8,1000,120000
BIDS,1,28801828,844781,1,3,100000
BIDS,1,28801850,845225,5,100,170000
BIDS,1,28801895,846158,8,50,160000
BIDS,1,28801909,846435,5,100,190000
BIDS,1,28801920,846667,7,180,192500
BIDS,1,28801935,846956,6,300,180000
BIDS,1,28802032,848938,8,500,185100
BIDS,1,28802060,849510,0,12,195000
BIDS,1,28802106,850445,5,100,169700
BIDS,1,28802119,850723,3,200,150000
BIDS,1,28802193,852226,6,300,170000
BIDS,1,28802236,853094,4,1300,191500
BIDS,1,28802237,853105,5,100,160000
BIDS,1,28802255,853486,6,620,170000
BIDS,1,28802262,853635,5,1000,8700
BIDS,1,28802282,854053,3,200,195000
BIDS,1,28802298,854385,5,49,150000
BIDS,1,28802317,854774,4,100,168700
BIDS,1,28802339,855203,3,10,175000
BIDS,1,28802373,855908,8,500,174300
BIDS,1,28802382,856077,7,10,173700
BIDS,1,28802406,856573,3,200,152500
BIDS,1,28802407,856594,4,100,159900
BIDS,1,28802422,856900,0,100,180000
BIDS,1,28802440,857262,2,100,150000
BIDS,1,28802444,857347,7,50,173700
BIDS,1,28802473,857953,3,100,175000
BIDS,1,28802491,858303,3,100,160000
BIDS,1,28802514,858788,8,1000,180000
BIDS,1,28802519,858886,6,200,163000
BIDS,1,28802549,859499,9,50,148700
BIDS,1,28802575,860019,9,675,185000
BIDS,1,28802579,860106,6,100,150000
BIDS,1,28802617,860902,2,500,168800
BIDS,1,28802627,861087,7,50,150000
BIDS,1,28802662,861838,8,1000,8700
BIDS,1,28802664,861889,9,50,185300
BIDS,1,28802675,862114,4,20,170000
BIDS,1,28802694,862516,6,226,189800
BIDS,1,28802701,862658,8,200,160500
BIDS,1,28802722,863090,0,100,185000
BIDS,1,28802745,863554,4,50,180000
BIDS,1,28802758,863824,4,50,153000
BIDS,1,28802760,863850,0,100,150000
BIDS,1,28802776,864177,7,20,170000
BIDS,1,28802783,864348,8,300,180000
BIDS,1,28802784,864367,7,300,98800
BIDS,1,28802803,864745,5,1000,176000
BIDS,1,28802810,864895,5,100,165600
BIDS,1,28802813,864955,5,500,148700
BIDS,1,28802814,864973,3,100,195000
BIDS,1,28802816,865024,4,100,118700
BIDS,1,28802824,865193,3,5000,158700
BIDS,1,28802825,865220,0,1000,200
BIDS,1,28802852,865785,5,100,150000
BIDS,1,28802866,866071,1,200,169200
BIDS,1,28802868,866111,1,50,185000
BIDS,1,28802914,867049,9,684,175400
BIDS,1,28802934,867461,1,100,120000
BIDS,1,28802985,868496,6,1000,190000
BIDS,1,28802999,868778,8,100,140000
BIDS,1,28802999,868786,6,400,165000
BIDS,1,28803013,869070,0,100,182000
BIDS,1,28803039,869607,7,5000,174600
BIDS,1,28803044,869704,4,300,135500
BIDS,1,28803063,870092,2,1000,195400
BIDS,1,28803084,870516,6,100,124300
BIDS,1,28803106,870954,4,300,180000
BIDS,1,28803128,871396,6,100,180900
BIDS,1,28803128,871405,5,500,148800
BIDS,1,28803144,871723,3,30,160100
BIDS,1,28803195,872780,0,100,120000
BIDS,1,28803214,873174,4,200,188800
BIDS,1,28803243,873771,1,100,179000
BIDS,1,28803254,874001,1,150,162000
BIDS,1,28803271,874357,7,321,175000
BIDS,1,28803274,874419,9,500,165000
BIDS,1,28803278,874525,5,1000,180700
BIDS,1,28803295,874909,9,100,148700
BIDS,1,28803307,875173,3,8,166300
BIDS,1,28803322,875511,1,100,197600
BIDS,1,28803333,875742,2,110,181000
BIDS,1,28803348,876032,2,1000,125000
BIDS,1,28803360,876322,2,200,170000
BIDS,1,28803397,877173,3,500,185000
BIDS,1,28803401,877255,5,300,114200
BIDS,1,28803404,877322,2,25,150000
BIDS,1,28803424,877729,9,200,190000
BIDS,1,28803428,877825,5,500,173700
BIDS,1,28803430,877862,2,400,180000
BIDS,1,28803452,878337,7,50,180000
BIDS,1,28803472,878752,2,350,145400
BIDS,1,28803505,879425,5,400,170200
BIDS,1,28803515,879651,1,39,126800
BIDS,1,28803604,881644,4,300,149200
BIDS,1,28803645,882525,5,40,199100
BIDS,0,28803645,882525,5,40,199100
BIDS,1,28803653,882702,2,200,170200
BIDS,1,28803668,883039,9,10,130000
BIDS,1,28803678,883237,7,200,148700
BIDS,1,28803716,884120,0,5000,190500
BIDS,1,28803722,884269,9,70,190000
BIDS,1,28803729,884428,8,300,138800
BIDS,1,28803731,884461,1,300,131700
BIDS,1,28803740,884648,8,200,178000
BIDS,1,28803741,884655,5,200,190000
BIDS,1,28803765,885171,1,1000,180000
BIDS,1,28803779,885463,3,30,120000
BIDS,1,28803798,885851,1,6,169700
BIDS,1,28803809,886060,0,25,185000
BIDS,1,28803826,886433,3,1000,192600
BIDS,1,28803840,886717,7,1,10000
BIDS,1,28803843,886763,3,1500,147700
BIDS,1,28803875,887444,4,30,175000
BIDS,1,28803878,887502,2,4,174900
BIDS,1,28803883,887623,3,200,166000
BIDS,1,28803898,887945,5,500,170000
BIDS,1,28803927,888570,0,200,190000
BIDS,1,28803931,888661,1,22,195000
BIDS,1,28803939,888824,4,100,181000
BIDS,1,28803943,888925,5,100,172000
BIDS,1,28803950,889062,2,100,90000
BIDS,1,28803952,889106,6,100,192200
BIDS,1,28803965,889452,2,1000,18700
BIDS,1,28804004,890300,0,350,153300
BIDS,1,28804005,890308,8,9,164500
BIDS,1,28804006,890327,7,300,160000
BIDS,1,28804010,890402,2,100,123000
BIDS,1,28804038,890995,5,50,162000
BIDS,1,28804039,891010,0,300,170000
BIDS,1,28804054,891313,3,250,175000
BIDS,1,28804061,891454,4,1000,118700
BIDS,1,28804070,891639,9,300,100
BIDS,1,28804079,891820,0,8,139500
BIDS,1,28804096,892154,4,100,180000
BIDS,1,28804157,893414,4,1000,190800
BIDS,1,28804169,893730,0,500,162000
BIDS,1,28804179,893984,4,1000,187000
BIDS,1,28804192,894279,9,150,158700
BIDS,1,28804194,894320,0,200,151300
BIDS,1,28804196,894369,9,200,174000
BIDS,1,28804199,894428,8,100,171000
BIDS,1,28804202,894495,5,16,184200
BIDS,1,28804216,894833,3,100,172000
BIDS,1,28804225,895077,7,100,170000
BIDS,1,28804229,895224,4,145,175000
BIDS,1,28804240,895520,0,125,150000
BIDS,1,28804242,895573,3,400,198200
BIDS,1,28804245,895649,9,1000,9100
BIDS,1,28804262,896041,1,20,150000
BIDS,1,28804293,896684,4,250,149500
BIDS,1,28804298,896787,7,1000,170000
BIDS,1,28804309,897021,1,100,175500
BIDS,1,28804315,897147,7,500,140000
BIDS,1,28804325,897351,1,100,175000
BIDS,1,28804326,897357,7,500,50000
BIDS,1,28804339,897621,1,100,148700
BIDS,1,28804390,898694,4,300,175200
BIDS,1,28804392,898741,1,100,168700
BIDS,1,28804394,898767,7,10,168700
BIDS,1,28804398,898848,8,300,86600
BIDS,1,28804425,899490,0,300,140000
BIDS,1,28804438,899753,3,150,182500
BIDS,1,28804473,900467,7,1000,180000
BIDS,1,28804477,900538,8,200,180000
BIDS,1,28804482,900656,6,200,170000
BIDS,1,28804509,901269,9,50,150000
BIDS,1,28804531,901726,6,20000,180100
BIDS,1,28804536,901830,0,20,150000
BIDS,1,28804546,902051,1,50,157500
BIDS,1,28804550,902120,0,125,183300
BIDS,1,28804558,902269,9,25,159900
BIDS,1,28804609,903472,2,500,175000
BIDS,1,28804609,903473,3,1300,192300
BIDS,1,28804611,903516,6,2000,175100
BIDS,1,28804620,903718,8,1850,190000
BIDS,1,28804621,903741,1,10000,100000
BIDS,1,28804634,904048,8,200,149000
BIDS,1,28804660,904715,5,100,160000
BIDS,1,28804667,904879,9,100,181000
BIDS,1,28804670,904970,0,200,168000
BIDS,1,28804679,905183,3,50,160000
BIDS,1,28804715,906017,7,200,178800
BIDS,1,28804716,906047,7,1000,160000
BIDS,1,28804720,906169,9,500,182800
BIDS,1,28804727,906334,4,100,195000
BIDS,1,28804727,906339,9,250,190000
BIDS,1,28804730,906431,1,200,176700
BIDS,1,28804753,907028,8,400,138700
BIDS,1,28804783,907783,3,75,95300
BIDS,1,28804806,908360,0,100,162500
BIDS,1,28804854,909621,1,150,113300
BIDS,1,28804855,909662,2,752,178900
BIDS,1,28804868,910005,5,300,185000
BIDS,1,28804869,910040,0,3000,150000
BIDS,1,28804876,910228,8,8000,180100
BIDS,1,28804916,911257,7,250,180000
BIDS,1,28804921,911381,1,10,150100
BIDS,1,28804930,911623,3,200,173700
BIDS,1,28804935,911776,6,100,185300
BIDS,1,28804968,912604,4,5,173200
BIDS,1,28804970,912661,1,50,180000
BIDS,1,28804992,913238,8,100,166300
BIDS,1,28805018,913906,6,100,175000
BIDS,1,28805041,914499,9,350,196500
BIDS,1,28805050,914721,1,14000,180100
BIDS,1,28805075,915340,0,35,182300
BIDS,1,28805090,915710,0,100,149000
BIDS,1,28805093,915793,3,55,164600
BIDS,1,28805100,915966,6,50,160000
BIDS,1,28805101,915999,9,15,172500
BIDS,1,28805112,916288,8,300,175000
BIDS,1,28805131,916761,1,50,160000
BIDS,1,28805146,917172,2,5000,98700
BIDS,1,28805148,917201,1,70,160000
BIDS,1,28805182,918105,5,45,178900
BIDS,1,28805194,918426,6,300,180000
BIDS,1,28805197,918504,4,202,180000
BIDS,1,28805200,918570,0,300,176800
BIDS,1,28805210,918821,1,100,178500
BIDS,1,28805213,918896,6,500,140000
BIDS,1,28805217,918995,5,500,150000
BIDS,1,28805217,918996,6,1000,170000
BIDS,1,28805254,919907,7,2000,175100
BIDS,1,28805258,920019,9,100,90500
BIDS,1,28805309,921303,3,200,150000
BIDS,1,28805321,921519,9,500,170000
BIDS,1,28811596,924689,9,1000,170000
BIDS,0,28804242,895573,3,400,198200
BIDS,1,28804242,895573,3,200,198200
BIDS,1,28818589,926771,1,500,190000
BIDS,0,28581698,772814,4,500,196500
BIDS,1,28882139,948445,5,500,198500
BIDS,1,28900176,952318,8,2000,190200
BIDS,1,28920922,956233,3,500,198700
BIDS,1,28926058,957008,8,10,198700
BIDS,0,28926058,957008,8,10,198700
BIDS,0,28920922,956233,3,500,198700
BIDS,1,28920922,956233,3,301,198700
BIDS,0,28900176,952318,8,2000,190200
BIDS,1,28937530,959834,4,275,198700
BIDS,1,28937692,959875,5,2000,190700
BIDS,0,28937692,959875,5,2000,190700
BIDS,1,28978142,966275,5,2000,190700
BIDS,1,28992171,969486,6,400,199000
BIDS,0,25615272,106653,3,200,195300
BIDS,0,28800094,805420,0,4000,192200
BIDS,0,28803322,875511,1,100,197600
BIDS,1,29064993,989497,7,100,198700
BIDS,1,29070424,990493,3,500,199200
BIDS,1,29123155,1006995,5,100,100000
BIDS,0,29123155,1006995,5,100,100000
BIDS,1,29153234,1015648,8,2400,196100
BIDS,0,28992171,969486,6,400,199000
BIDS,1,29176804,1022694,4,400,199400
BIDS,0,29176804,1022694,4,400,199400
BIDS,1,29176804,1022694,4,310,199400
BIDS,1,29189286,1026517,7,40,199200
BIDS,0,29070424,990493,3,500,199200
BIDS,1,29198354,1032114,4,23,199400
BIDS,0,29189286,1026517,7,40,199200
BIDS,1,29198355,1032115,5,40,199400
BIDS,0,29198355,1032115,5,40,199400
BIDS,1,29208927,1037085,5,1000,195700
BIDS,1,29321609,1088251,1,1500,199500
BIDS,0,29176804,1022694,4,310,199400
BIDS,1,29395898,1122837,7,310,199700
BIDS,1,29445612,1146376,6,100,10000
BIDS,0,29445612,1146376,6,100,10000
BIDS,0,29395898,1122837,7,310,199700
BIDS,1,29476741,1162072,2,40,199400
BIDS,0,29476741,1162072,2,40,199400
BIDS,1,29476851,1162100,0,40,199500
BIDS,0,29476851,1162100,0,40,199500
BIDS,1,29486695,1166241,1,40,199400
BIDS,0,29486695,1166241,1,40,199400
BIDS,1,29486914,1166308,8,40,199500
BIDS,0,29486914,1166308,8,40,199500
BIDS,1,29496758,1169990,0,40,199400
BIDS,0,29496758,1169990,0,40,199400
BIDS,1,29496976,1170047,7,40,199500
BIDS,1,29520918,1180439,9,100,185000
BIDS,1,29623574,1213470,0,500,180000
BIDS,0,29496976,1170047,7,40,199500
BIDS,1,29681526,1237710,0,40,199300
BIDS,0,29681526,1237710,0,40,199300
BIDS,1,29681743,1237802,2,40,199400
BIDS,0,29681743,1237802,2,40,199400
BIDS,1,29682071,1238156,6,40,199500
BIDS,0,29682071,1238156,6,40,199500
BIDS,1,29710693,1249300,0,40,199400
BIDS,0,29710693,1249300,0,40,199400
BIDS,1,29710915,1249397,7,40,199500
BIDS,0,29321609,1088251,1,1500,199500
BIDS,1,29321609,1088251,1,1301,199500
BIDS,0,29710915,1249397,7,40,199500
BIDS,1,29741197,1260635,5,40,199400
BIDS,1,29741329,1260658,8,100,196500
BIDS,0,29741197,1260635,5,40,199400
BIDS,1,29741331,1260659,9,40,199500
BIDS,0,29741331,1260659,9,40,199500
BIDS,1,29751290,1264146,6,40,199400
BIDS,0,29751290,1264146,6,40,199400
BIDS,1,29751509,1264207,7,40,199500
BIDS,0,29751509,1264207,7,40,199500
BIDS,1,29761353,1266765,5,40,199400
BIDS,0,29761353,1266765,5,40,199400
BIDS,1,29761571,1266792,2,40,199500
BIDS,1,29809222,1281649,9,1,100
BIDS,0,29809222,1281649,9,1,100
BIDS,1,29811021,1281923,3,1,100
BIDS,0,29811021,1281923,3,1,100
BIDS,1,29812847,1282170,0,1,100
BIDS,0,29812847,1282170,0,1,100
BIDS,0,29761571,1266792,2,40,199500
BIDS,1,29833551,1288130,0,40,199200
BIDS,0,29833551,1288130,0,40,199200
BIDS,1,29833806,1288169,9,40,199300
BIDS,0,29833806,1288169,9,40,199300
BIDS,1,29834134,1288389,9,40,199400
BIDS,0,29834134,1288389,9,40,199400
BIDS,1,29834681,1288513,3,40,199500
BIDS,1,29909508,1307527,7,100,10000
BIDS,1,29915853,1308501,1,100,10000
BIDS,0,29153234,1015648,8,2400,196100
BIDS,1,29928788,1314509,9,500,199100
BIDS,1,29932430,1317479,9,100,10000
BIDS,1,30005931,1334232,2,1,10000
BIDS,1,30012397,1335633,3,100,190000
BIDS,0,30012397,1335633,3,100,190000
BIDS,0,30005931,1334232,2,1,10000
BIDS,1,30039624,1340806,6,500,199500
BIDS,0,29834681,1288513,3,40,199500
BIDS,1,30102449,1358183,3,40,199600
BIDS,0,30102449,1358183,3,40,199600
BIDS,1,30115760,1360501,1,40,199300
BIDS,1,30115760,1360502,2,100,199100
BIDS,0,28978142,966275,5,2000,190700
BIDS,0,30115760,1360501,1,40,199300
BIDS,1,30116089,1360573,3,40,199400
BIDS,0,29321609,1088251,1,1301,199500
BIDS,0,30039624,1340806,6,500,199500
BIDS,1,30039624,1340806,6,301,199500
BIDS,0,30116089,1360573,3,40,199400
BIDS,1,30116449,1360677,7,40,199500
BIDS,0,30116449,1360677,7,40,199500
BIDS,1,30116558,1360690,0,40,199400
BIDS,0,30116558,1360690,0,40,199400
BIDS,1,30116667,1360700,0,40,199500
BIDS,0,30116667,1360700,0,40,199500
BIDS,1,30126496,1363369,9,40,199600
BIDS,0,30126496,1363369,9,40,199600
BIDS,1,30126605,1363422,2,40,199400
BIDS,0,30126605,1363422,2,40,199400
BIDS,1,30126715,1363461,1,40,199500
BIDS,0,30126715,1363461,1,40,199500
BIDS,1,30136558,1365582,2,40,199600
BIDS,0,30136558,1365582,2,40,199600
BIDS,1,30136667,1365593,3,40,199400
BIDS,0,30136667,1365593,3,40,199400
BIDS,1,30136777,1365605,5,40,199500
BIDS,0,30115760,1360502,2,100,199100
BIDS,0,30039624,1340806,6,301,199500
BIDS,0,30136777,1365605,5,40,199500
BIDS,0,28804609,903473,3,1300,192300
BIDS,0,28800579,816543,3,300,190500
BIDS,1,30265973,1403938,8,300,187500
BIDS,0,29928788,1314509,9,500,199100
BIDS,1,30329423,1421281,1,500,198100
BIDS,1,30371847,1431767,7,1500,198700
BIDS,1,30482702,1460561,1,1200,195200
BIDS,0,29915853,1308501,1,100,10000
BIDS,0,29932430,1317479,9,100,10000
BIDS,0,29909508,1307527,7,100,10000
BIDS,1,30605756,1497360,0,1200,190500
BIDS,1,30621068,1505232,2,1100,199000
BIDS,1,30636280,1517142,2,100,10000
BIDS,1,30640033,1519304,4,100,10000
BIDS,0,30640033,1519304,4,100,10000
BIDS,0,30636280,1517142,2,100,10000
BIDS,0,28882139,948445,5,500,198500
BIDS,1,30683379,1541998,8,500,196500
BIDS,0,30371847,1431767,7,1500,198700
BIDS,1,30714078,1550832,2,1500,199000
BIDS,1,30733637,1558414,4,100,182500
BIDS,0,30733637,1558414,4,100,182500
BIDS,1,30751442,1563197,7,1,100
BIDS,0,30751442,1563197,7,1,100
BIDS,1,30770733,1568045,5,300,199000
BIDS,0,29198354,1032114,4,23,199400
BIDS,0,30621068,1505232,2,1100,199000
BIDS,1,30621068,1505232,2,123,199000
BIDS,1,30789897,1575393,3,2000,191000
BIDS,1,30859654,1595205,5,200,198000
BIDS,1,30863591,1595951,1,100,180500
BIDS,1,30966538,1620924,4,700,197500
BIDS,1,30973579,1622081,1,100,10000
BIDS,1,30977177,1623076,6,100,10000
BIDS,1,30983819,1624076,6,700,198000
BIDS,1,30986515,1624570,0,1000,198000
BIDS,0,30973579,1622081,1,100,10000
BIDS,0,30977177,1623076,6,100,10000
BIDS,1,31033841,1634314,4,100,10000
BIDS,1,31037549,1635562,2,100,10000
BIDS,0,31037549,1635562,2,100,10000
BIDS,0,31033841,1634314,4,100,10000
BIDS,1,31096646,1660399,9,1250,195000
BIDS,0,30621068,1505232,2,123,199000
BIDS,0,30714078,1550832,2,1500,199000
BIDS,1,30714078,1550832,2,623,199000
BIDS,1,31124061,1673629,9,150,156100
BIDS,0,30714078,1550832,2,623,199000
BIDS,0,30770733,1568045,5,300,199000
BIDS,1,31162593,1687396,6,100,10000
BIDS,1,31168576,1690721,1,100,10000
BIDS,1,31178594,1696395,5,100,10000
BIDS,0,31168576,1690721,1,100,10000
BIDS,0,31178594,1696395,5,100,10000
BIDS,0,31162593,1687396,6,100,10000
BIDS,1,31206268,1706731,1,1,10000
BIDS,0,31206268,1706731,1,1,10000
BIDS,1,31266306,1736779,9,10,199000
BIDS,0,31266306,1736779,9,10,199000
BIDS,1,31266414,1736811,1,11,199000
BIDS,0,31266414,1736811,1,11,199000
BIDS,1,31266516,1736849,9,11,199000
BIDS,0,31266516,1736849,9,11,199000
BIDS,1,31266617,1736878,8,11,199000
BIDS,0,31266617,1736878,8,11,199000
BIDS,1,31266719,1736905,5,11,199000
BIDS,0,31266719,1736905,5,11,199000
BIDS,1,31266820,1736929,9,11,199000
BIDS,0,31266820,1736929,9,11,199000
BIDS,1,31266921,1737036,6,11,199000
BIDS,0,31266921,1737036,6,11,199000
BIDS,1,31267022,1737155,5,11,199000
BIDS,0,31267022,1737155,5,11,199000
BIDS,1,31285971,1744212,2,1000,176500
BIDS,0,30789897,1575393,3,2000,191000
BIDS,1,31471393,1799914,4,2000,190700
BIDS,0,28920922,956233,3,301,198700
BIDS,1,28920922,956233,3,101,198700
BIDS,0,28167827,713112,2,400,195000
BIDS,1,31761542,1909176,6,100,198700
BIDS,1,31802380,1928382,2,300,198100
BIDS,0,31802380,1928382,2,300,198100
BIDS,1,31835263,1942605,5,300,198100
BIDS,1,31884055,1960428,8,100,198800
BIDS,0,31884055,1960428,8,100,198800
BIDS,1,31894078,1963941,1,100,198800
BIDS,0,31894078,1963941,1,100,198800
BIDS,1,31997266,2009205,5,100,198800
BIDS,0,31997266,2009205,5,100,198800
BIDS,0,28920922,956233,3,101,198700
BIDS,1,28920922,956233,3,2,198700
BIDS,0,28920922,956233,3,2,198700
BIDS,0,28937530,959834,4,275,198700
BIDS,1,28937530,959834,4,244,198700
BIDS,0,28937530,959834,4,244,198700
BIDS,1,28937530,959834,4,236,198700
BIDS,0,28937530,959834,4,236,198700
BIDS,0,29064993,989497,7,100,198700
BIDS,0,31761542,1909176,6,100,198700
BIDS,1,32079324,2039156,6,100,198000
BIDS,0,32079324,2039156,6,100,198000
BIDS,1,32291547,2179064,4,3400,197000
BIDS,1,32311934,2190210,0,100,198000
BIDS,1,32340581,2202928,8,3000,198500
BIDS,0,32311934,2190210,0,100,198000
BIDS,1,32390517,2228182,2,200,185000
BIDS,1,32403677,2235272,2,700,196100
BIDS,1,32403681,2235281,1,700,195900
BIDS,1,32403681,2235282,2,700,195500
BIDS,1,32403682,2235283,3,900,195300
BIDS,1,32403682,2235284,4,700,195700
BIDS,1,32555119,2308359,9,3000,198700
BIDS,0,32555119,2308359,9,3000,198700
BIDS,1,32655483,2355268,8,100,194100
BIDS,1,32657204,2355706,6,100,193100
BIDS,1,32658966,2356642,2,100,192100
BIDS,1,32660828,2357360,0,100,191100
BIDS,1,32662850,2359921,1,100,190600
BIDS,1,32664792,2362444,4,100,190100
BIDS,1,32667094,2364867,7,100,189600
BIDS,1,32669256,2366722,2,100,189100
BIDS,1,32671257,2368098,8,100,188600
BIDS,1,32673580,2369609,9,200,188100
BIDS,1,32675982,2371576,6,200,187600
BIDS,1,32678284,2373307,7,200,187100
BIDS,0,32340581,2202928,8,3000,198500
BIDS,1,32340581,2202928,8,2936,198500
BIDS,0,32340581,2202928,8,2936,198500
BIDS,1,32340581,2202928,8,36,198500
BIDS,1,32702630,2385156,6,100,198000
BIDS,1,32731394,2398234,4,3580,199000
BIDS,0,32702630,2385156,6,100,198000
BIDS,0,28158544,712392,2,1000,197600
BIDS,0,32731394,2398234,4,3580,199000
BIDS,1,32731394,2398234,4,3180,199000
BIDS,0,32731394,2398234,4,3180,199000
BIDS,1,32731394,2398234,4,2780,199000
BIDS,0,32731394,2398234,4,2780,199000
BIDS,1,32731394,2398234,4,2380,199000
BIDS,1,32845415,2447726,6,500,199300
BIDS,0,32845415,2447726,6,500,199300
BIDS,1,32845415,2447726,6,423,199300
BIDS,1,32952623,2489946,6,1,100
BIDS,0,32952623,2489946,6,1,100
BIDS,0,32845415,2447726,6,423,199300
BIDS,1,33211758,2608942,2,1,100
BIDS,0,33211758,2608942,2,1,100
BIDS,1,33221470,2613640,0,199,199100
BIDS,1,33246738,2627652,2,1,100
BIDS,0,33246738,2627652,2,1,100
BIDS,0,30329423,1421281,1,500,198100
BIDS,0,30966538,1620924,4,700,197500
BIDS,1,33275780,2641630,0,700,195500
BIDS,0,30983819,1624076,6,700,198000
BIDS,0,32731394,2398234,4,2380,199000
BIDS,0,32340581,2202928,8,36,198500
BIDS,0,33275780,2641630,0,700,195500
BIDS,0,33221470,2613640,0,199,199100
BIDS,1,33314803,2664894,4,100,198500
BIDS,1,33314844,2664902,2,199,198100
BIDS,1,33341534,2677162,2,100,195000
BIDS,0,33314844,2664902,2,199,198100
BIDS,1,33343723,2678729,9,199,196900
BIDS,0,33314803,2664894,4,100,198500
BIDS,1,33345996,2680569,9,100,198500
BIDS,0,33345996,2680569,9,100,198500
BIDS,1,33357419,2691026,6,100,198000
BIDS,1,33367362,2695347,7,400,10000
BIDS,0,33367362,2695347,7,400,10000
BIDS,0,33357419,2691026,6,100,198000
BIDS,1,33400955,2711659,9,100,10000
BIDS,0,33400955,2711659,9,100,10000
BIDS,1,33403508,2713025,5,100,10000
BIDS,0,33403508,2713025,5,100,10000
BIDS,1,33421573,2721556,6,100,10000
BIDS,0,33421573,2721556,6,100,10000
BIDS,1,33453960,2735343,3,300,195400
BIDS,1,33453960,2735344,4,300,195400
BIDS,0,33453960,2735343,3,300,195400
BIDS,0,33453960,2735344,4,300,195400
BIDS,0,29208927,1037085,5,1000,195700
BIDS,1,33596906,2799175,5,1,100
BIDS,0,33596906,2799175,5,1,100
BIDS,1,33729980,2907373,3,15000,197000
BIDS,1,33729982,2907375,5,15000,196500
BIDS,1,33729983,2907376,6,15000,196000
BIDS,1,33729985,2907378,8,15000,195500
BIDS,1,33729987,2907381,1,15000,195000
BIDS,1,33754310,2917754,4,71,175500
BIDS,1,33862871,3067171,1,100,197900
BIDS,0,30605756,1497360,0,1200,190500
BIDS,0,33862871,3067171,1,100,197900
BIDS,1,33901479,3142276,6,100,100
BIDS,0,28818589,926771,1,500,190000
BIDS,0,28811596,924689,9,1000,170000
BIDS,1,33903116,3158546,6,100,100
BIDS,1,33904759,3171482,2,100,100
BIDS,1,33907967,3193457,7,100,100
BIDS,1,33909477,3204080,0,100,100000
BIDS,1,33910034,3207313,3,100,1
BIDS,1,33910375,3209385,5,100,184100
BIDS,1,33911058,3213267,7,100,196800
BIDS,1,33911434,3215655,5,100,100
BIDS,1,33911602,3216648,8,100,100
BIDS,1,33912955,3224955,5,100,180500
BIDS,1,33912999,3225202,2,100,100
BIDS,1,33913461,3228176,6,100,100
BIDS,1,33915974,3243149,9,100,100
BIDS,1,33917628,3252558,8,100,1
BIDS,1,33920075,3260066,6,100,100
BIDS,1,33920206,3260856,6,100,100
BIDS,1,33921022,3265447,7,100,174100
BIDS,1,33921999,3271103,3,100,172000
BIDS,1,33922113,3271708,8,100,152700
BIDS,1,33922135,3271862,2,100,196700
BIDS,1,33922536,3274243,3,100,191500
BIDS,1,33922714,3275253,3,100,100
BIDS,1,33922868,3276001,1,100,100
BIDS,1,33924797,3288269,9,100,100
BIDS,1,33927310,3306968,8,100,167600
BIDS,1,33927625,3308845,5,100,197900
BIDS,1,33928687,3315175,5,100,100
BIDS,1,33930740,3331252,2,100,173000
BIDS,1,33932484,3343682,2,100,175000
BIDS,1,33933486,3350598,8,100,182000
BIDS,1,33934933,3360438,8,100,170000
BIDS,1,33935953,3367754,4,100,100
BIDS,1,33937247,3377807,7,100,140000
BIDS,1,33938794,3387085,5,100,180000
BIDS,1,33938817,3387224,4,100,100
BIDS,1,33938905,3387696,6,1000,100
BIDS,1,33939024,3388383,3,100,175000
BIDS,1,33939574,3391506,6,100,1
BIDS,1,33939801,3392947,7,100,196700
BIDS,1,33940463,3397227,7,100,100
BIDS,1,33940738,3398693,3,100,100
BIDS,1,33941355,3402605,5,100,192500
BIDS,1,33941710,3405377,7,100,1
BIDS,1,33941739,3405573,3,100,100
BIDS,1,33942057,3407746,6,100,1
BIDS,1,33942247,3409016,6,100,100
BIDS,1,33944085,3420115,5,100,100
BIDS,1,33944163,3420609,9,100,100
BIDS,1,33946738,3436418,8,100,1
BIDS,1,33947800,3443648,8,100,100
BIDS,1,33949721,3454944,4,100,195000
BIDS,1,33950406,3458984,4,100,100
BIDS,1,33953707,3479474,4,100,50000
BIDS,1,33953720,3479542,2,100,150000
BIDS,1,33953807,3479966,6,100,100
BIDS,1,33954254,3482740,0,100,129000
BIDS,1,33954460,3484185,5,100,185000
BIDS,1,33955948,3494444,4,100,100
BIDS,1,33956139,3495872,2,100,100
BIDS,1,33957136,3503515,5,1000,100
BIDS,0,33927625,3308845,5,100,197900
BIDS,1,33957773,3508021,1,100,1
BIDS,1,33958325,3511368,8,100,100
BIDS,1,33958391,3511757,7,100,195800
BIDS,1,33958774,3513810,0,100,100
BIDS,1,33958980,3514942,2,100,1
BIDS,1,33960475,3526304,4,100,100
BIDS,1,33960582,3526961,1,100,193500
BIDS,1,33960913,3529678,8,100,100
BIDS,1,33961349,3534090,0,100,160000
BIDS,1,33964797,3561206,6,100,5000
BIDS,1,33964927,3562045,5,100,192700
BIDS,1,33965621,3567092,2,100,100
BIDS,1,33966957,3576956,6,100,150000
BIDS,1,33973823,3608015,5,1000,190000
BIDS,0,28805041,914499,9,350,196500
BIDS,1,34027287,3740840,0,10000,195600
BIDS,1,34057380,3835593,3,1000,197000
BIDS,1,34080961,3909422,2,100,192300
BIDS,1,34081399,3911791,1,1000,198900
BIDS,0,34081399,3911791,1,1000,198900
BIDS,1,34084401,3923858,8,100,197900
BIDS,1,34086324,3928904,4,300,198300
BIDS,0,34084401,3923858,8,100,197900
BIDS,1,34086332,3928932,2,1048,199100
BIDS,1,34086333,3928933,3,400,198300
BIDS,0,34086333,3928933,3,400,198300
BIDS,0,34086324,3928904,4,300,198300
BIDS,1,34086339,3928954,4,400,198900
BIDS,1,34086340,3928956,6,300,198900
BIDS,1,34086362,3929022,2,400,199100
BIDS,0,34086339,3928954,4,400,198900
BIDS,0,34086332,3928932,2,1048,199100
BIDS,1,34086332,3928932,2,928,199100
BIDS,0,34086332,3928932,2,928,199100
BIDS,0,34086340,3928956,6,300,198900
BIDS,1,34089336,3937178,8,300,199100
BIDS,0,34086362,3929022,2,400,199100
BIDS,0,34089336,3937178,8,300,199100
BIDS,1,34091358,3943199,9,100,198400
BIDS,0,34091358,3943199,9,100,198400
BIDS,1,34092193,3945519,9,100,198400
BIDS,0,34092193,3945519,9,100,198400
BIDS,1,34099192,3964068,8,100,198400
BIDS,1,34102706,3974684,4,10000,198400
BIDS,0,34099192,3964068,8,100,198400
BIDS,1,34110055,3992809,9,100,198500
BIDS,0,34110055,3992809,9,100,198500
BIDS,1,34111053,3995154,4,100,198500
BIDS,0,34111053,3995154,4,100,198500
BIDS,0,33343723,2678729,9,199,196900
BIDS,1,34121445,4024787,7,199,196600
BIDS,0,25509632,90097,7,800,195200
BIDS,1,34172169,4165263,3,6000,194500
BIDS,0,28800085,805197,7,100,188700
BIDS,1,34195122,4235702,2,100,198400
BIDS,1,34195122,4235718,8,100,198400
BIDS,1,34195124,4235727,7,100,198200
BIDS,1,34195124,4235735,5,100,198000
BIDS,1,34195334,4238263,3,100,198100
BIDS,0,34195334,4238263,3,100,198100
BIDS,1,34198697,4267238,8,100,198200
BIDS,0,34195122,4235718,8,100,198400
BIDS,1,34199163,4274850,0,100,198400
BIDS,0,34102706,3974684,4,10000,198400
BIDS,1,34102706,3974684,4,4162,198400
BIDS,0,34198697,4267238,8,100,198200
BIDS,1,34200259,4297240,0,100,198100
BIDS,1,34200292,4299154,4,100,198500
BIDS,1,34200292,4299188,8,2100,198500
BIDS,0,34200292,4299154,4,100,198500
BIDS,1,34200292,4299154,4,90,198500
BIDS,1,34200369,4302994,4,200,188100
BIDS,0,34199163,4274850,0,100,198400
BIDS,1,34200706,4320848,8,100,198600
BIDS,1,34200706,4320849,9,100,198600
BIDS,0,34200292,4299188,8,2100,198500
BIDS,0,34200706,4320848,8,100,198600
BIDS,0,34200706,4320849,9,100,198600
BIDS,0,34200292,4299154,4,90,198500
BIDS,1,34200712,4321184,4,100,198400
BIDS,1,34200730,4322049,9,100,198600
BIDS,0,34200259,4297240,0,100,198100
BIDS,1,34200739,4322492,2,100,198200
BIDS,0,34200730,4322049,9,100,198600
BIDS,0,34102706,3974684,4,4162,198400
BIDS,1,34102706,3974684,4,3962,198400
BIDS,0,34200739,4322492,2,100,198200
BIDS,1,34200847,4328357,7,100,198100
BIDS,1,34201205,4345353,3,100,182500
BIDS,1,34201227,4346436,6,6000,197500
BIDS,1,34201231,4346701,1,100,198400
BIDS,0,34201231,4346701,1,100,198400
BIDS,1,34201394,4355649,9,100,198700
BIDS,0,34201394,4355649,9,100,198700
BIDS,0,34200712,4321184,4,100,198400
BIDS,1,34201495,4360618,8,100,198600
BIDS,1,34201536,4362769,9,100,100
BIDS,0,34201495,4360618,8,100,198600
BIDS,1,34201794,4375743,3,600,198500
BIDS,1,34201805,4376166,6,300,198500
BIDS,0,34201794,4375743,3,600,198500
BIDS,1,34201794,4375743,3,593,198500
BIDS,1,34201892,4379773,3,100,198500
BIDS,0,34201794,4375743,3,593,198500
BIDS,1,34201794,4375743,3,493,198500
BIDS,0,34201794,4375743,3,493,198500
BIDS,1,34201794,4375743,3,393,198500
BIDS,0,34201794,4375743,3,393,198500
BIDS,1,34201794,4375743,3,293,198500
BIDS,0,34201794,4375743,3,293,198500
BIDS,1,34201794,4375743,3,93,198500
BIDS,0,34201794,4375743,3,93,198500
BIDS,0,34201805,4376166,6,300,198500
BIDS,1,34201805,4376166,6,293,198500
BIDS,0,34201805,4376166,6,293,198500
BIDS,0,34201892,4379773,3,100,198500
BIDS,1,34202247,4397099,9,1500,198500
BIDS,0,34202247,4397099,9,1500,198500
BIDS,1,34202247,4397099,9,1107,198500
BIDS,0,34202247,4397099,9,1107,198500
BIDS,1,34202247,4397099,9,1007,198500
BIDS,0,34202247,4397099,9,1007,198500
BIDS,1,34202247,4397099,9,22,198500
BIDS,0,34202247,4397099,9,22,198500
BIDS,1,34202391,4403127,7,22,198400
BIDS,0,34202391,4403127,7,22,198400
BIDS,0,34102706,3974684,4,3962,198400
BIDS,1,34102706,3974684,4,3555,198400
BIDS,0,34102706,3974684,4,3555,198400
BIDS,1,34102706,3974684,4,3511,198400
BIDS,1,34202654,4415032,2,300,198500
BIDS,1,34202655,4415080,0,2100,198500
BIDS,1,34202680,4416231,1,200,198500
BIDS,1,34202718,4417823,3,100,185000
BIDS,0,34202654,4415032,2,300,198500
BIDS,1,34202654,4415032,2,200,198500
BIDS,1,34202791,4420465,5,300,198800
BIDS,0,34202655,4415080,0,2100,198500
BIDS,0,34202791,4420465,5,300,198800
BIDS,0,34202654,4415032,2,200,198500
BIDS,0,34202680,4416231,1,200,198500
BIDS,0,34102706,3974684,4,3511,198400
BIDS,1,34102706,3974684,4,3411,198400
BIDS,0,28802722,863090,0,100,185000
BIDS,0,34200847,4328357,7,100,198100
BIDS,1,34202980,4428430,0,100,197900
BIDS,1,34203071,4432098,8,100,198500
BIDS,0,34203071,4432098,8,100,198500
BIDS,1,34203071,4432098,8,73,198500
BIDS,1,34203161,4436323,3,25,150000
BIDS,1,34203221,4438835,5,8000,197600
BIDS,0,34203071,4432098,8,73,198500
BIDS,0,34102706,3974684,4,3411,198400
BIDS,1,34102706,3974684,4,3384,198400
BIDS,1,34203230,4439325,5,100,198400
BIDS,0,34203230,4439325,5,100,198400
BIDS,0,34202980,4428430,0,100,197900
BIDS,1,34203357,4445679,9,100,198000
BIDS,0,34102706,3974684,4,3384,198400
BIDS,1,34102706,3974684,4,3284,198400
BIDS,0,34102706,3974684,4,3284,198400
BIDS,1,34102706,3974684,4,2984,198400
BIDS,1,34203411,4447531,1,100,198400
BIDS,0,34203411,4447531,1,100,198400
BIDS,0,34102706,3974684,4,2984,198400
BIDS,1,34102706,3974684,4,2884,198400
BIDS,0,34102706,3974684,4,2884,198400
BIDS,1,34102706,3974684,4,2584,198400
BIDS,1,34203457,4449789,9,100,160400
BIDS,1,34203491,4451316,6,600,198500
BIDS,0,34203357,4445679,9,100,198000
BIDS,1,34203493,4451397,7,100,198100
BIDS,0,34203491,4451316,6,600,198500
BIDS,1,34203491,4451316,6,300,198500
BIDS,0,34203491,4451316,6,300,198500
BIDS,0,34102706,3974684,4,2584,198400
BIDS,1,34102706,3974684,4,1684,198400
BIDS,0,34203493,4451397,7,100,198100
BIDS,1,34203570,4454871,1,100,197900
BIDS,0,34195122,4235702,2,100,198400
BIDS,0,34203570,4454871,1,100,197900
BIDS,1,34203943,4469784,4,100,198000
BIDS,1,34204057,4474225,5,127,198600
BIDS,0,34204057,4474225,5,127,198600
BIDS,1,34204065,4474574,4,39,198400
BIDS,0,34102706,3974684,4,1684,198400
BIDS,1,34102706,3974684,4,1584,198400
BIDS,0,34102706,3974684,4,1584,198400
BIDS,1,34102706,3974684,4,1484,198400
BIDS,0,34102706,3974684,4,1484,198400
BIDS,1,34102706,3974684,4,1284,198400
BIDS,0,34204065,4474574,4,39,198400
BIDS,1,34204081,4475329,9,39,198300
BIDS,0,34102706,3974684,4,1284,198400
BIDS,1,34102706,3974684,4,1184,198400
BIDS,0,34102706,3974684,4,1184,198400
BIDS,1,34102706,3974684,4,1084,198400
BIDS,0,34102706,3974684,4,1084,198400
BIDS,1,34102706,3974684,4,984,198400
BIDS,1,34204124,4477279,9,20,180000
BIDS,1,34204151,4478220,0,150,198600
BIDS,0,34204151,4478220,0,150,198600
BIDS,0,34204081,4475329,9,39,198300
BIDS,1,34204180,4479169,9,39,198500
BIDS,0,34204180,4479169,9,39,198500
BIDS,1,34204183,4479288,8,39,198300
BIDS,1,34204185,4479415,5,39,198400
BIDS,0,34204185,4479415,5,39,198400
BIDS,1,34204212,641010,0,100,198700
BIDS,1,34204212,2425379,9,100,198700
BIDS,1,34204212,336432,2,50,198500
BIDS,1,34204212,509439,9,50,198500
BIDS,1,34204212,1043909,9,250,198500
BIDS,1,34204212,2087241,1,3000,198500
BIDS,1,34204212,2439499,9,100,198500
BIDS,1,34204212,2531578,8,10,198500
BIDS,1,34204212,3337297,7,125,198500
BIDS,1,34204212,3342899,9,4,198500
BIDS,1,34204212,1884053,3,150,198400
BIDS,1,34204212,523539,9,300,198300
BIDS,1,34204212,2252706,6,3000,198100
BIDS,1,34204212,2437558,8,25,198100
BIDS,1,34204212,8132,2,500,198000
BIDS,0,34204212,641010,0,100,198700
BIDS,0,34204212,2425379,9,100,198700
BIDS,1,34204212,2425379,9,45,198700
BIDS,0,34204212,2425379,9,45,198700
BIDS,1,34204220,4480833,3,100,198400
BIDS,0,34204183,4479288,8,39,198300
BIDS,1,34204222,4480900,0,39,198600
BIDS,1,34204222,4480922,2,39,198500
BIDS,0,34204222,4480900,0,39,198600
BIDS,0,34203943,4469784,4,100,198000
BIDS,1,34204225,4481085,5,100,198100
BIDS,0,34204212,336432,2,50,198500
BIDS,0,34204212,509439,9,50,198500
BIDS,0,34204225,4481085,5,100,198100
BIDS,1,34204441,4487785,5,100,198000
BIDS,0,34204212,1043909,9,250,198500
BIDS,0,34204212,2087241,1,3000,198500
BIDS,1,34204212,2087241,1,2950,198500
BIDS,0,33942057,3407746,6,100,1
BIDS,0,34204212,2087241,1,2950,198500
BIDS,0,34204212,2439499,9,100,198500
BIDS,0,34204212,2531578,8,10,198500
BIDS,0,34204212,3337297,7,125,198500
BIDS,0,34204212,3342899,9,4,198500
BIDS,0,34204222,4480922,2,39,198500
BIDS,1,34204763,4498757,7,39,198400
BIDS,1,34204764,4498780,0,39,198300
BIDS,0,34204763,4498757,7,39,198400
BIDS,0,34204764,4498780,0,39,198300
BIDS,0,34204220,4480833,3,100,198400
BIDS,0,34204441,4487785,5,100,198000
BIDS,1,34204791,4499822,2,100,197800
BIDS,0,34204212,1884053,3,150,198400
BIDS,0,34102706,3974684,4,984,198400
BIDS,1,34205000,4508065,5,600,198000
BIDS,0,34204212,523539,9,300,198300
BIDS,1,34205066,4510428,8,100,197800
BIDS,1,34205184,4514761,1,39,198100
BIDS,1,34205187,4514837,7,200,198200
BIDS,0,28804242,895573,3,200,198200
BIDS,1,28804242,895573,3,100,198200
BIDS,0,34205187,4514837,7,200,198200
BIDS,0,28804242,895573,3,100,198200
BIDS,0,34195124,4235727,7,100,198200
BIDS,1,34195124,4235727,7,39,198200
BIDS,0,34195124,4235727,7,39,198200
BIDS,0,34205184,4514761,1,39,198100
BIDS,1,34205261,4517680,0,200,198100
BIDS,0,31835263,1942605,5,300,198100
BIDS,1,31835263,1942605,5,200,198100
BIDS,0,34204791,4499822,2,100,197800
BIDS,1,34205369,4521429,9,100,197700
BIDS,1,34205416,4523122,2,100,197700
BIDS,0,31835263,1942605,5,200,198100
BIDS,1,31835263,1942605,5,100,198100
BIDS,0,31835263,1942605,5,100,198100
BIDS,0,34204212,2252706,6,3000,198100
BIDS,1,34204212,2252706,6,2500,198100
BIDS,0,34204212,2252706,6,2500,198100
BIDS,1,34204212,2252706,6,1634,198100
BIDS,0,34205261,4517680,0,200,198100
BIDS,0,34204212,2252706,6,1634,198100
BIDS,1,34204212,2252706,6,1534,198100
BIDS,0,34205416,4523122,2,100,197700
BIDS,0,34204212,2252706,6,1534,198100
BIDS,1,34204212,2252706,6,1434,198100
BIDS,0,34204212,2252706,6,1434,198100
BIDS,0,34204212,2437558,8,25,198100
BIDS,1,34205587,4529126,6,200,198000
BIDS,1,34205590,4529200,0,1500,197900
BIDS,1,34205600,4529437,7,9900,197100
BIDS,0,34205587,4529126,6,200,198000
BIDS,1,34205886,4539110,0,200,190000
BIDS,0,34204212,8132,2,500,198000
BIDS,1,34206382,4555965,5,1900,197800
BIDS,0,34205369,4521429,9,100,197700
BIDS,1,34206539,4561157,7,100,197600
BIDS,0,34195124,4235735,5,100,198000
BIDS,0,30859654,1595205,5,200,198000
BIDS,0,30986515,1624570,0,1000,198000
BIDS,1,30986515,1624570,0,912,198000
BIDS,0,30986515,1624570,0,912,198000
BIDS,1,30986515,1624570,0,612,198000
BIDS,0,30986515,1624570,0,612,198000
BIDS,1,30986515,1624570,0,512,198000
BIDS,0,30986515,1624570,0,512,198000
BIDS,1,30986515,1624570,0,412,198000
BIDS,0,30986515,1624570,0,412,198000
BIDS,0,34206382,4555965,5,1900,197800
BIDS,0,34205000,4508065,5,600,198000
BIDS,0,34205590,4529200,0,1500,197900
BIDS,0,34206539,4561157,7,100,197600
BIDS,1,34208007,4605471,1,100,197400
BIDS,0,34205066,4510428,8,100,197800
BIDS,1,34208074,4607156,6,800,197600
BIDS,1,34208393,4615878,8,100,197700
BIDS,1,34208395,4615938,8,100,197800
BIDS,0,34208395,4615938,8,100,197800
BIDS,0,34208393,4615878,8,100,197700
BIDS,1,34208403,4616219,9,100,197300
BIDS,1,34208435,4617130,0,100,193000
BIDS,0,34208074,4607156,6,800,197600
BIDS,1,34208501,4619283,3,200,197600
BIDS,1,34208657,4623759,9,50,188900
BIDS,1,34208763,4626823,3,100,197600
BIDS,1,34208767,4626980,0,100,197400
BIDS,1,34208768,4627021,1,100,197200
BIDS,0,34208435,4617130,0,100,193000
BIDS,0,34203221,4438835,5,8000,197600
BIDS,1,34208937,4633147,7,15,178600
BIDS,0,34208501,4619283,3,200,197600
BIDS,1,34209033,4636005,5,100,197600
BIDS,1,34209217,4641428,8,400,197400
BIDS,0,34209033,4636005,5,100,197600
BIDS,0,34208403,4616219,9,100,197300
BIDS,0,34208763,4626823,3,100,197600
BIDS,1,34209345,4645746,6,1600,197500
BIDS,1,34209429,4648156,6,5000,197300
BIDS,1,34209462,4648982,2,1500,197400
BIDS,0,34209345,4645746,6,1600,197500
BIDS,0,34208007,4605471,1,100,197400
BIDS,1,34209679,4654611,1,400,197500
BIDS,1,34209680,4654640,0,100,197300
BIDS,0,34209679,4654611,1,400,197500
BIDS,1,34209791,4658080,0,1200,197500
BIDS,0,34209791,4658080,0,1200,197500
BIDS,1,34209793,4658155,5,1500,197500
BIDS,0,34209793,4658155,5,1500,197500
BIDS,1,34209794,4658180,0,200,197500
BIDS,1,34209805,4658546,6,1000,193400
BIDS,1,34209866,4660451,1,10000,195000
BIDS,0,34209794,4658180,0,200,197500
BIDS,1,34210329,4675706,6,200,197500
BIDS,0,34209805,4658546,6,1000,193400
BIDS,1,34210435,4679191,1,100,197100
BIDS,0,34209680,4654640,0,100,197300
BIDS,1,34210436,4679218,8,100,197400
BIDS,0,34210436,4679218,8,100,197400
BIDS,1,34210531,4682254,4,100,197200
BIDS,0,34201227,4346436,6,6000,197500
BIDS,1,34201227,4346436,6,5480,197500
BIDS,0,34201227,4346436,6,5480,197500
BIDS,1,34201227,4346436,6,4580,197500
BIDS,1,34211027,529900,0,160,197400
BIDS,1,34211027,1708985,5,2000,197200
BIDS,1,34211027,1730241,1,1000,197200
BIDS,1,34211027,2305424,4,250,197100
BIDS,1,34211027,3062512,2,950,197100
BIDS,1,34211027,565052,2,50,197000
BIDS,1,34211027,1015858,8,400,197000
BIDS,1,34211027,1612294,4,1000,197000
BIDS,1,34211027,2056028,8,500,197000
BIDS,1,34211027,2272657,7,100,197000
BIDS,1,34211027,2488229,9,400,197000
BIDS,1,34211027,553489,9,100,196900
BIDS,1,34211027,2744972,2,200,196500
BIDS,0,34201227,4346436,6,4580,197500
BIDS,1,34201227,4346436,6,4080,197500
BIDS,0,34201227,4346436,6,4080,197500
BIDS,1,34201227,4346436,6,3780,197500
BIDS,0,34201227,4346436,6,3780,197500
BIDS,1,34201227,4346436,6,3680,197500
BIDS,0,34210329,4675706,6,200,197500
BIDS,1,34211120,4700419,9,200,197500
BIDS,0,34210435,4679191,1,100,197100
BIDS,0,34201227,4346436,6,3680,197500
BIDS,1,34201227,4346436,6,2680,197500
BIDS,1,34211253,4704510,0,200,180000
BIDS,1,34211358,4707909,9,200,197400
BIDS,0,34211120,4700419,9,200,197500
BIDS,0,34211358,4707909,9,200,197400
BIDS,1,34211364,4708106,6,200,197500
BIDS,0,34211364,4708106,6,200,197500
BIDS,1,34211623,4717951,1,200,197500
BIDS,0,34211623,4717951,1,200,197500
BIDS,0,34201227,4346436,6,2680,197500
BIDS,1,34201227,4346436,6,2180,197500
BIDS,0,34201227,4346436,6,2180,197500
BIDS,1,34201227,4346436,6,1180,197500
BIDS,0,34208767,4626980,0,100,197400
BIDS,1,34211720,4721820,0,200,197400
BIDS,0,34201227,4346436,6,1180,197500
BIDS,1,34211822,4725211,1,100,197400
BIDS,1,34211856,4726346,6,230,170600
BIDS,0,34211822,4725211,1,100,197400
BIDS,1,34211867,4726725,5,100,197400
BIDS,1,34211867,4726730,0,100,197000
BIDS,1,34211894,4727553,3,275,181500
BIDS,0,34211867,4726725,5,100,197400
BIDS,0,34211720,4721820,0,200,197400
BIDS,1,34212007,4730869,9,200,197300
BIDS,1,34212019,4731197,7,1000,197300
BIDS,1,34212129,4734621,1,100,197500
BIDS,0,34212129,4734621,1,100,197500
BIDS,0,34211867,4726730,0,100,197000
BIDS,0,34212007,4730869,9,200,197300
BIDS,0,34209462,4648982,2,1500,197400
BIDS,0,34211027,529900,0,160,197400
BIDS,1,34211027,529900,0,60,197400
BIDS,1,34212278,4739172,2,100,197400
BIDS,0,34212278,4739172,2,100,197400
BIDS,1,34212847,4757194,4,100,197000
BIDS,0,34211027,529900,0,60,197400
BIDS,0,34209217,4641428,8,400,197400
BIDS,1,34209217,4641428,8,60,197400
BIDS,0,34209217,4641428,8,60,197400
BIDS,1,34213180,4769684,4,200,197200
BIDS,1,34213180,4769697,7,200,197300
BIDS,1,34213181,4769764,4,100,197400
BIDS,1,34213182,4769790,0,2100,197400
BIDS,1,34213187,4770016,6,200,197400
BIDS,0,34213187,4770016,6,200,197400
BIDS,1,34213218,4771132,2,200,197400
BIDS,0,34213218,4771132,2,200,197400
BIDS,1,34213238,4771764,4,100,192400
BIDS,1,34213245,4771972,2,100,197400
BIDS,0,34213238,4771764,4,100,192400
BIDS,1,34213303,4774039,9,2000,196800
BIDS,0,34213245,4771972,2,100,197400
BIDS,0,34213180,4769684,4,200,197200
BIDS,1,34213445,4778240,0,500,197400
BIDS,0,34213181,4769764,4,100,197400
BIDS,1,34213455,4778604,4,200,197300
BIDS,0,34213182,4769790,0,2100,197400
BIDS,1,34213182,4769790,0,500,197400
BIDS,0,34213445,4778240,0,500,197400
BIDS,0,34213182,4769790,0,500,197400
BIDS,0,34209429,4648156,6,5000,197300
BIDS,1,34209429,4648156,6,3900,197300
BIDS,0,34213455,4778604,4,200,197300
BIDS,0,34212019,4731197,7,1000,197300
BIDS,1,34213643,4785675,5,100,196900
BIDS,1,34213728,4787970,0,200,197300
BIDS,0,34213180,4769697,7,200,197300
BIDS,1,34213898,4792729,9,300,197300
BIDS,0,34209429,4648156,6,3900,197300
BIDS,1,34209429,4648156,6,3800,197300
BIDS,0,34209429,4648156,6,3800,197300
BIDS,1,34209429,4648156,6,3601,197300
BIDS,0,34209429,4648156,6,3601,197300
BIDS,1,34209429,4648156,6,3501,197300
BIDS,0,34213728,4787970,0,200,197300
BIDS,0,34209429,4648156,6,3501,197300
BIDS,1,34209429,4648156,6,3301,197300
BIDS,0,34213898,4792729,9,300,197300
BIDS,0,34210531,4682254,4,100,197200
BIDS,1,34214329,4807201,1,700,197300
BIDS,1,34214330,4807249,9,100,197100
BIDS,0,34209429,4648156,6,3301,197300
BIDS,1,34209429,4648156,6,2801,197300
BIDS,1,34214497,4812623,3,100,180000
BIDS,1,34214519,4813299,9,5100,197000
BIDS,1,34214533,4813648,8,1200,196900
BIDS,0,34209429,4648156,6,2801,197300
BIDS,1,34214539,4813806,6,1000,181000
BIDS,0,34214329,4807201,1,700,197300
BIDS,1,34214543,4813908,8,100,196800
BIDS,0,34213643,4785675,5,100,196900
BIDS,1,34214579,4814926,6,500,180000
BIDS,0,34080961,3909422,2,100,192300
BIDS,1,34214936,4825464,4,100,191200
BIDS,1,34215231,4835589,9,600,197200
BIDS,1,34215413,1745819,9,200,196200
BIDS,1,34215413,1421509,9,700,196000
BIDS,1,34215413,1471946,6,1000,196000
BIDS,1,34215413,2707242,2,600,196000
BIDS,1,34215413,2777258,8,400,196000
BIDS,1,34215413,3581932,2,150,196000
BIDS,1,34215413,2101245,5,20,195900
BIDS,1,34215413,465441,1,125,195800
BIDS,1,34215413,3111865,5,300,195800
BIDS,1,34215413,2158690,0,100,195600
BIDS,1,34215413,327995,5,50,195500
BIDS,0,34208768,4627021,1,100,197200
BIDS,0,34201536,4362769,9,100,100
BIDS,0,34214330,4807249,9,100,197100
BIDS,1,34215941,4860928,8,100,197000
BIDS,1,34216111,4866185,5,100,197200
BIDS,1,34216126,4866773,3,100,197100
BIDS,1,34216130,4866928,8,100,197000
BIDS,1,34216132,4867012,2,100,196900
BIDS,0,34057380,3835593,3,1000,197000
BIDS,1,34216423,4876944,4,287,174200
BIDS,0,34211027,1708985,5,2000,197200
BIDS,1,34211027,1708985,5,1700,197200
BIDS,1,34216449,4877608,8,200,197300
BIDS,1,34216449,4877626,6,2100,197300
BIDS,0,34216132,4867012,2,100,196900
BIDS,1,34216450,4877643,3,100,197200
BIDS,1,34216451,4877658,8,100,197300
BIDS,1,34216452,4877682,2,100,197300
BIDS,0,34215941,4860928,8,100,197000
BIDS,0,34216130,4866928,8,100,197000
BIDS,1,34216454,4877749,9,700,197300
BIDS,1,34216454,4877756,6,100,197100
BIDS,1,34216455,4877776,6,100,197300
BIDS,0,34216126,4866773,3,100,197100
BIDS,1,34216457,4877815,5,100,197300
BIDS,0,34215231,4835589,9,600,197200
BIDS,0,34216454,4877749,9,700,197300
BIDS,1,34216529,4879954,4,150,180000
BIDS,0,34216452,4877682,2,100,197300
BIDS,0,34216449,4877608,8,200,197300
BIDS,1,34216626,4882698,8,100,197000
BIDS,1,34216649,4883364,4,1000,197200
BIDS,0,34216455,4877776,6,100,197300
BIDS,0,34216457,4877815,5,100,197300
BIDS,0,34216626,4882698,8,100,197000
BIDS,0,34216451,4877658,8,100,197300
BIDS,0,34216111,4866185,5,100,197200
BIDS,0,34216449,4877626,6,2100,197300
BIDS,1,34216449,4877626,6,900,197300
BIDS,1,34217250,4900901,1,200,197300
BIDS,0,34216449,4877626,6,900,197300
BIDS,1,34216449,4877626,6,500,197300
BIDS,0,34217250,4900901,1,200,197300
BIDS,1,34217949,4919247,7,1000,197400
BIDS,0,34216449,4877626,6,500,197300
BIDS,1,34218452,4931599,9,100,197500
BIDS,1,34218452,4931615,5,2100,197500
BIDS,1,34218453,4931624,4,100,197400
BIDS,0,34216454,4877756,6,100,197100
BIDS,1,34218453,4931651,1,100,197500
BIDS,1,34218454,4931676,6,100,197200
BIDS,1,34218457,4931775,5,100,197400
BIDS,1,34218463,4931951,1,1500,197400
BIDS,0,34218454,4931676,6,100,197200
BIDS,1,34218542,4933839,9,100,197300
BIDS,1,34218762,359841,1,500,195500
BIDS,1,34218762,361587,7,200,195500
BIDS,1,34218762,1884073,3,1000,195500
BIDS,1,34218762,1884076,6,1000,195500
BIDS,1,34218762,2437381,1,100,195500
BIDS,1,34218762,529924,4,100,195300
BIDS,1,34218762,2437310,0,1000,195300
BIDS,1,34218762,374084,4,700,195200
BIDS,1,34218762,997541,1,200,195200
BIDS,1,34218762,508702,2,300,195100
BIDS,1,34218762,1049277,7,1000,195100
BIDS,1,34218762,2093919,9,200,195100
BIDS,1,34218762,2169653,3,1000,195100
BIDS,1,34218762,291643,3,100,195000
BIDS,1,34218762,327593,3,50,195000
BIDS,1,34218762,327649,9,100,195000
BIDS,1,34218762,327714,4,148,195000
BIDS,1,34218762,328984,4,20,195000
BIDS,1,34218762,329562,2,50,195000
BIDS,1,34218762,336514,4,2000,195000
BIDS,1,34218762,359331,1,4,195000
BIDS,1,34218762,359852,2,100,195000
BIDS,1,34218762,360654,4,100,195000
BIDS,1,34218762,360803,3,100,195000
BIDS,1,34218762,371762,2,300,195000
BIDS,1,34218762,371778,8,400,195000
BIDS,1,34218762,371807,7,100,195000
BIDS,1,34218762,380757,7,1023,195000
BIDS,1,34218762,480903,3,10,195000
BIDS,1,34218762,480927,7,200,195000
BIDS,1,34218762,480932,2,200,195000
BIDS,1,34218762,507535,5,500,195000
BIDS,1,34218762,510733,3,100,195000
BIDS,1,34218762,514342,2,100,195000
BIDS,1,34218762,514464,4,300,195000
BIDS,1,34218762,515032,2,23,195000
BIDS,1,34218762,515238,8,200,195000
BIDS,1,34218762,515259,9,100,195000
BIDS,1,34218762,528848,8,200,195000
BIDS,1,34218762,529182,2,200,195000
BIDS,1,34218762,529332,2,150,195000
BIDS,1,34218762,529718,8,256,195000
BIDS,1,34218762,529742,2,750,195000
BIDS,1,34218762,529750,0,50,195000
BIDS,1,34218762,530152,2,20,195000
BIDS,1,34218762,530482,2,100,195000
BIDS,1,34218762,530484,4,1000,195000
BIDS,1,34218762,537192,2,1000,195000
BIDS,1,34218762,577847,7,60,195000
BIDS,1,34218762,589302,2,200,195000
BIDS,1,34218762,779951,1,200,195000
BIDS,1,34218762,996825,5,100,195000
BIDS,1,34218762,996835,5,200,195000
BIDS,1,34218762,1011985,5,300,195000
BIDS,1,34218762,1016294,4,500,195000
BIDS,1,34218762,1045356,6,290,195000
BIDS,1,34218762,1138437,7,100,195000
BIDS,1,34218762,1142895,5,100,195000
BIDS,1,34218762,1225097,7,50,195000
BIDS,1,34218762,1244097,7,100,195000
BIDS,1,34218762,1364385,5,10,195000
BIDS,1,34218762,1433191,1,50,195000
BIDS,1,34218762,1828998,8,1000,195000
BIDS,1,34218762,1917348,8,100,195000
BIDS,1,34218762,1924828,8,100,195000
BIDS,1,34218762,1989086,6,50,195000
BIDS,1,34218762,2008130,0,100,195000
BIDS,1,34218762,2031473,3,30,195000
BIDS,1,34218762,2044635,5,100,195000
BIDS,1,34218762,2058010,0,40,195000
BIDS,1,34218762,2073094,4,25,195000
BIDS,1,34218762,2074075,5,15,195000
BIDS,1,34218762,2075007,7,27,195000
BIDS,1,34218762,2080609,9,10,195000
BIDS,1,34218762,2109281,1,2000,195000
BIDS,1,34218762,2246791,1,110,195000
BIDS,0,34218453,4931651,1,100,197500
BIDS,0,34218452,4931599,9,100,197500
BIDS,0,34218453,4931624,4,100,197400
BIDS,1,34219339,4953778,8,50,197700
BIDS,0,34218452,4931615,5,2100,197500
BIDS,0,34219339,4953778,8,50,197700
BIDS,1,34219343,4953865,5,100,197500
BIDS,1,34219344,4953896,6,100,197600
BIDS,1,34219345,4953919,9,100,197400
BIDS,0,34218457,4931775,5,100,197400
BIDS,0,34219344,4953896,6,100,197600
BIDS,0,34219345,4953919,9,100,197400
BIDS,0,34219343,4953865,5,100,197500
BIDS,1,34219948,4967773,3,100,197400
BIDS,0,34219948,4967773,3,100,197400
BIDS,1,34219951,4967838,8,200,197400
BIDS,0,34219951,4967838,8,200,197400
BIDS,1,34220076,4970746,6,500,197400
BIDS,0,34218542,4933839,9,100,197300
BIDS,1,34220168,4973287,7,100,197200
BIDS,1,34220247,4975965,5,300,197300
BIDS,0,34220076,4970746,6,500,197400
BIDS,1,34220432,4981964,4,100,197300
BIDS,1,34220579,4986475,5,200,197400
BIDS,0,34217949,4919247,7,1000,197400
BIDS,1,34217949,4919247,7,980,197400
BIDS,0,31471393,1799914,4,2000,190700
BIDS,0,34218463,4931951,1,1500,197400
BIDS,0,34220579,4986475,5,200,197400
BIDS,0,34220168,4973287,7,100,197200
BIDS,1,34220742,4991446,6,100,197000
BIDS,0,34217949,4919247,7,980,197400
BIDS,1,34217949,4919247,7,950,197400
BIDS,0,34220742,4991446,6,100,197000
BIDS,1,34221272,5004788,8,100,197100
BIDS,1,34221273,5004811,1,200,197400
BIDS,1,34221349,2437010,0,100,195000
BIDS,1,34221349,2437803,3,500,195000
BIDS,1,34221349,2438087,7,10,195000
BIDS,1,34221349,2438800,0,50,195000
BIDS,1,34221349,2438845,5,100,195000
BIDS,1,34221349,2438956,6,50,195000
BIDS,1,34221349,2438968,8,33,195000
BIDS,1,34221349,2548727,7,770,195000
BIDS,1,34221349,2833263,3,390,195000
BIDS,1,34221349,3037518,8,400,195000
BIDS,1,34221349,3081513,3,500,195000
BIDS,1,34221349,3085948,8,100,195000
BIDS,1,34221349,1884107,7,1000,194900
BIDS,1,34221349,1022334,4,356,194700
BIDS,1,34221349,1672988,8,500,194700
BIDS,1,34221349,2726626,6,285,194600
BIDS,1,34221349,1149606,6,300,194500
BIDS,1,34221349,1162559,9,1000,194500
BIDS,1,34221349,1040192,2,77,194100
BIDS,1,34221472,5008937,7,5000,170000
BIDS,0,34216649,4883364,4,1000,197200
BIDS,1,34222094,5021363,3,200,197400
BIDS,0,34217949,4919247,7,950,197400
BIDS,1,34217949,4919247,7,936,197400
BIDS,1,34222623,5033756,6,100,197500
BIDS,1,34222624,5033783,3,2100,197500
BIDS,1,34222624,5033800,0,100,197400
BIDS,1,34222628,5033979,9,600,197500
BIDS,0,34221272,5004788,8,100,197100
BIDS,1,34222644,5034701,1,100,197200
BIDS,0,34221273,5004811,1,200,197400
BIDS,1,34223111,5046206,6,10000,160000
BIDS,0,34222623,5033756,6,100,197500
BIDS,0,34222624,5033783,3,2100,197500
BIDS,1,34222624,5033783,3,1100,197500
BIDS,0,34222624,5033800,0,100,197400
BIDS,0,34222628,5033979,9,600,197500
BIDS,0,34222624,5033783,3,1100,197500
BIDS,1,34222624,5033783,3,100,197500
BIDS,1,34223424,371808,8,100,194000
BIDS,1,34223424,482815,5,150,194000
BIDS,1,34223424,529473,3,547,194000
BIDS,1,34223424,1146594,4,1000,194000
BIDS,1,34223424,2006521,1,2000,194000
BIDS,1,34223424,2062798,8,100,194000
BIDS,1,34223424,2158684,4,20,194000
BIDS,1,34223424,2437963,3,200,194000
BIDS,1,34223424,2731668,8,500,194000
BIDS,1,34223424,2764995,5,8000,194000
BIDS,1,34223424,2769670,0,500,194000
BIDS,1,34223424,511794,4,300,193600
BIDS,1,34223424,329786,6,350,193500
BIDS,1,34223424,546391,1,260,193500
BIDS,1,34223424,1404136,6,1000,193500
BIDS,1,34223424,2341651,1,300,193500
BIDS,1,34223424,46332,2,100,193400
BIDS,1,34223424,1884120,0,1500,193300
BIDS,1,34223424,512212,2,25,193200
BIDS,1,34223566,5055912,2,100,197500
BIDS,0,34223566,5055912,2,100,197500
BIDS,0,34222644,5034701,1,100,197200
BIDS,1,34223578,5056203,3,100,197100
BIDS,0,34172169,4165263,3,6000,194500
BIDS,1,34223720,5059163,3,100,197500
BIDS,1,34223720,5059164,4,100,197500
BIDS,1,34223720,5059177,7,100,197400
BIDS,1,34223722,5059208,8,100,197300
BIDS,1,34223723,5059227,7,100,197200
BIDS,0,34223723,5059227,7,100,197200
BIDS,0,34223578,5056203,3,100,197100
BIDS,1,34223743,5059664,4,100,197500
BIDS,1,34223744,5059683,3,100,197200
BIDS,0,34223720,5059164,4,100,197500
BIDS,0,34223743,5059664,4,100,197500
BIDS,1,34223803,5060942,2,100,197600
BIDS,0,34222624,5033783,3,100,197500
BIDS,0,34223722,5059208,8,100,197300
BIDS,0,34223803,5060942,2,100,197600
BIDS,1,34225080,5085294,4,100,197300
BIDS,1,34225082,5085430,0,100,197500
BIDS,0,34225082,5085430,0,100,197500
BIDS,1,34225096,360671,1,500,193000
BIDS,1,34225096,529313,3,100,193000
BIDS,1,34225096,529563,3,200,193000
BIDS,1,34225096,1971860,0,310,193000
BIDS,1,34225096,2006931,1,1000,193000
BIDS,1,34225096,2749046,6,1000,193000
BIDS,1,34225096,3737213,3,600,193000
BIDS,1,34225096,366337,7,100,192900
BIDS,1,34225096,360670,0,300,192800
BIDS,1,34225096,1198143,3,400,192800
BIDS,1,34225096,1698133,3,50,192700
BIDS,1,34225096,334678,8,1000,192600
BIDS,1,34225096,2056078,8,26,192600
BIDS,1,34225096,2439561,1,35,192600
BIDS,1,34225096,361868,8,100,192500
BIDS,1,34225098,5086103,3,100,197500
BIDS,0,34225098,5086103,3,100,197500
BIDS,0,34223720,5059163,3,100,197500
BIDS,1,34225106,5086470,0,100,197200
BIDS,1,34225109,5086589,9,400,197400
BIDS,0,34223744,5059683,3,100,197200
BIDS,1,34225163,5088218,8,100,197000
BIDS,0,34225106,5086470,0,100,197200
BIDS,0,34217949,4919247,7,936,197400
BIDS,1,34217949,4919247,7,836,197400
BIDS,0,34222094,5021363,3,200,197400
BIDS,1,34225414,5094371,1,100,197500
BIDS,1,34225414,5094378,8,100,197500
BIDS,0,34225163,5088218,8,100,197000
BIDS,1,34225414,5094383,3,2100,197500
BIDS,1,34225415,5094393,3,100,197200
BIDS,1,34225415,5094402,2,100,197100
BIDS,1,34225416,5094435,5,200,197500
BIDS,0,34225415,5094393,3,100,197200
BIDS,0,34225416,5094435,5,200,197500
BIDS,1,34225419,5094499,9,200,197500
BIDS,1,34225419,5094501,1,100,197500
BIDS,0,34225419,5094501,1,100,197500
BIDS,0,34225414,5094371,1,100,197500
BIDS,0,34225414,5094378,8,100,197500
BIDS,0,34225414,5094383,3,2100,197500
BIDS,1,34225414,5094383,3,1900,197500
BIDS,1,34225427,5094665,5,100,197500
BIDS,0,34225415,5094402,2,100,197100
BIDS,1,34225445,5095053,3,100,197200
BIDS,1,34225495,5096177,7,100,197600
BIDS,0,34225414,5094383,3,1900,197500
BIDS,0,34225109,5086589,9,400,197400
BIDS,0,34225419,5094499,9,200,197500
BIDS,0,34225495,5096177,7,100,197600
BIDS,0,34225427,5094665,5,100,197500
BIDS,0,34225445,5095053,3,100,197200
BIDS,1,34225645,5099354,4,100,197100
BIDS,1,34225659,5099671,1,100,197400
BIDS,0,34225080,5085294,4,100,197300
BIDS,0,34223720,5059177,7,100,197400
BIDS,1,34225663,5099741,1,200,197400
BIDS,0,34225663,5099741,1,200,197400
BIDS,0,34217949,4919247,7,836,197400
BIDS,1,34217949,4919247,7,736,197400
BIDS,1,34226086,5109751,1,200,197400
BIDS,0,34220432,4981964,4,100,197300
BIDS,0,34226086,5109751,1,200,197400
BIDS,1,34226317,5115446,6,200,197400
BIDS,0,34226317,5115446,6,200,197400
BIDS,0,34217949,4919247,7,736,197400
BIDS,1,34217949,4919247,7,236,197400
BIDS,0,34225645,5099354,4,100,197100
BIDS,1,34226442,5118550,0,100,197000
BIDS,0,34217949,4919247,7,236,197400
BIDS,0,34225659,5099671,1,100,197400
BIDS,0,34216450,4877643,3,100,197200
BIDS,1,34226482,364645,5,25,192500
BIDS,1,34226482,413051,1,100,192500
BIDS,1,34226482,539252,2,100,192500
BIDS,1,34226482,1884126,6,500,192500
BIDS,1,34226482,1884130,0,100,192500
BIDS,1,34226482,2005118,8,520,192500
BIDS,1,34226482,2077677,7,50,192500
BIDS,1,34226482,2343527,7,1000,192500
BIDS,1,34226482,2438929,9,100,192500
BIDS,1,34226482,3077308,8,5000,192200
BIDS,1,34226482,1010933,3,260,192100
BIDS,1,34226482,477364,4,100,192000
BIDS,1,34226482,622276,6,100,192000
BIDS,1,34226482,683148,8,103,192000
BIDS,1,34226482,1048257,7,50,192000
BIDS,1,34226482,2437157,7,320,192000
BIDS,1,34226482,2437855,5,320,192000
BIDS,1,34226482,2540931,1,200,192000
BIDS,1,34226482,1050544,4,50,191900
BIDS,1,34226482,366702,2,9,191500
BIDS,0,34220247,4975965,5,300,197300
BIDS,1,34220247,4975965,5,100,197300
BIDS,1,34226993,5129918,8,100,197300
BIDS,1,34226996,5129961,1,100,197200
BIDS,1,34226997,5129978,8,100,197100
BIDS,1,34226997,5129991,1,100,197300
BIDS,0,34226997,5129991,1,100,197300
BIDS,1,34227631,1884160,0,100,191500
BIDS,1,34227631,2063906,6,200,191400
BIDS,1,34227631,3711285,5,3000,191400
BIDS,1,34227631,359102,2,200,191200
BIDS,1,34227631,3848872,2,700,191200
BIDS,1,34227631,1589235,5,1000,191100
BIDS,1,34227631,8126,6,1500,191000
BIDS,1,34227631,367430,0,100,191000
BIDS,1,34227631,511699,9,3000,191000
BIDS,1,34227631,528451,1,5000,191000
BIDS,1,34227631,605083,3,100,191000
BIDS,1,34227631,606855,5,100,191000
BIDS,1,34227631,1016518,8,500,191000
BIDS,1,34227631,1031530,0,200,191000
BIDS,1,34227631,1047815,5,500,191000
BIDS,1,34227631,1876080,0,300,191000
BIDS,1,34227631,2060490,0,100,191000
BIDS,1,34227631,2439182,2,142,191000
BIDS,1,34227631,1884164,4,500,190900
BIDS,0,33729987,2907381,1,15000,195000
BIDS,1,34227755,5145922,2,100,197400
BIDS,1,34227755,5145941,1,2100,197400
BIDS,1,34227756,5145956,6,100,197400
BIDS,1,34227761,5146092,2,100,197200
BIDS,0,34226442,5118550,0,100,197000
BIDS,1,34227845,5148498,8,100,197100
BIDS,0,33729985,2907378,8,15000,195500
BIDS,0,33729983,2907376,6,15000,196000
BIDS,1,34228135,5156779,9,100,197500
BIDS,0,34227755,5145941,1,2100,197400
BIDS,0,34226997,5129978,8,100,197100
BIDS,1,34228137,5156837,7,100,197400
BIDS,0,33729982,2907375,5,15000,196500
BIDS,0,34227756,5145956,6,100,197400
BIDS,0,34226996,5129961,1,100,197200
BIDS,1,34228209,5159285,5,100,197500
BIDS,0,34228209,5159285,5,100,197500
BIDS,1,34228296,5161498,8,100,197600
BIDS,1,34228299,5161591,1,200,197600
BIDS,0,34227845,5148498,8,100,197100
BIDS,1,34228303,5161677,7,100,197200
BIDS,0,33729980,2907373,3,15000,197000
BIDS,1,34228595,2719967,7,100,190800
BIDS,1,34228595,3076852,2,150,190700
BIDS,1,34228595,358733,3,120,190600
BIDS,1,34228595,530494,4,100,190600
BIDS,1,34228595,539818,8,1000,190600
BIDS,1,34228595,1142951,1,200,190500
BIDS,1,34228595,2532020,0,100,190500
BIDS,1,34228595,3696189,9,500,190500
BIDS,1,34228595,361137,7,200,190300
BIDS,1,34228595,46343,3,20,190200
BIDS,1,34228595,5168117,7,4000,197300
BIDS,0,34228299,5161591,1,200,197600
BIDS,1,34229430,513703,3,400,190200
BIDS,1,34229430,371777,7,100,190100
BIDS,1,34229430,576250,0,100,190100
BIDS,1,34229430,1020483,3,300,190100
BIDS,1,34229430,1304970,0,10,190100
BIDS,1,34229430,1815922,2,100,190100
BIDS,1,34229430,2842462,2,300,190100
BIDS,1,34229430,8088,8,200,190000
BIDS,1,34229430,8133,3,525,190000
BIDS,1,34229430,105488,8,200,190000
BIDS,1,34229430,106221,1,250,190000
BIDS,1,34229430,267347,7,100,190000
BIDS,1,34229430,277389,9,200,190000
BIDS,1,34229430,291189,9,1000,190000
BIDS,1,34229430,295811,1,10,190000
BIDS,1,34229430,296224,4,500,190000
BIDS,1,34229430,321393,3,100,190000
BIDS,1,34229430,322289,9,25,190000
BIDS,1,34229430,323145,5,100,190000
BIDS,1,34229430,324398,8,100,190000
BIDS,1,34229430,324920,0,15,190000
BIDS,1,34229430,325993,3,100,190000
BIDS,1,34229430,327590,0,500,190000
BIDS,1,34229430,327790,0,500,190000
BIDS,1,34229430,328837,7,10,190000
BIDS,1,34229430,329475,5,20,190000
BIDS,1,34229430,333557,7,35,190000
BIDS,1,34229430,335399,9,40,190000
BIDS,1,34229430,358974,4,50,190000
BIDS,1,34229430,358977,7,15,190000
BIDS,1,34229430,358978,8,15,190000
BIDS,1,34229430,358980,0,51,190000
BIDS,1,34229430,359536,6,1000,190000
BIDS,1,34229430,359746,6,50,190000
BIDS,1,34229430,359820,0,100,190000
BIDS,1,34229430,359875,5,100,190000
BIDS,1,34229430,359939,9,300,190000
BIDS,1,34229430,360986,6,100,190000
BIDS,1,34229430,361016,6,500,190000
BIDS,1,34229430,361081,1,500,190000
BIDS,1,34229430,361226,6,33,190000
BIDS,1,34229430,361319,9,23,190000
BIDS,1,34229430,361563,3,150,190000
BIDS,1,34229430,361573,3,125,190000
BIDS,1,34229430,366633,3,1000,190000
BIDS,1,34229430,366794,4,1000,190000
BIDS,1,34229430,368317,7,50,190000
BIDS,1,34229430,371761,1,400,190000
BIDS,1,34229430,371837,7,200,190000
BIDS,1,34229430,371872,2,400,190000
BIDS,1,34229430,371879,9,52,190000
BIDS,1,34229430,371884,4,50,190000
BIDS,1,34229430,371885,5,100,190000
BIDS,1,34229430,371891,1,50,190000
BIDS,1,34229430,392127,7,100,190000
BIDS,1,34229430,412572,2,25000,190000
BIDS,1,34229430,418403,3,200,190000
BIDS,1,34229430,423485,5,1000,190000
BIDS,1,34229430,465975,5,200,190000
BIDS,1,34229430,469644,4,100,190000
BIDS,1,34229430,474993,3,400,190000
BIDS,1,34229430,480906,6,200,190000
BIDS,1,34229430,482695,5,50,190000
BIDS,1,34229430,485417,7,100,190000
BIDS,1,34229430,496466,6,100,190000
BIDS,1,34229430,507584,4,1000,190000
BIDS,0,34228296,5161498,8,100,197600
BIDS,1,34229774,5195249,9,200,197500
BIDS,0,34229774,5195249,9,200,197500
BIDS,1,34229777,5195316,6,200,197500
BIDS,0,34229777,5195316,6,200,197500
BIDS,0,34228303,5161677,7,100,197200
BIDS,1,34229845,5196666,6,100,197100
BIDS,1,34229901,5197888,8,200,197500
BIDS,0,34229901,5197888,8,200,197500
BIDS,1,34230130,5204522,2,200,197500
BIDS,0,34230130,5204522,2,200,197500
BIDS,1,34230144,507814,4,100,190000
BIDS,1,34230144,507912,2,100,190000
BIDS,1,34230144,508089,9,100,190000
BIDS,1,34230144,509000,0,100,190000
BIDS,1,34230144,509363,3,50,190000
BIDS,1,34230144,510061,1,200,190000
BIDS,1,34230144,511464,4,8,190000
BIDS,1,34230144,511522,2,500,190000
BIDS,1,34230144,511665,5,60,190000
BIDS,1,34230144,511826,6,300,190000
BIDS,1,34230144,511910,0,200,190000
BIDS,1,34230144,511923,3,282,190000
BIDS,1,34230144,512091,1,250,190000
BIDS,1,34230144,515088,8,250,190000
BIDS,1,34230144,515181,1,500,190000
BIDS,1,34230144,515208,8,100,190000
BIDS,1,34230144,515250,0,100,190000
BIDS,1,34230144,515260,0,300,190000
BIDS,1,34230144,515272,2,150,190000
BIDS,1,34230144,522223,3,289,190000
BIDS,1,34230144,528748,8,200,190000
BIDS,1,34230144,529565,5,1130,190000
BIDS,1,34230144,529597,7,250,190000
BIDS,1,34230144,529658,8,50,190000
BIDS,1,34230144,530624,4,100,190000
BIDS,1,34230144,530805,5,300,190000
BIDS,1,34230144,530874,4,200,190000
BIDS,1,34230144,535133,3,250,190000
BIDS,1,34230144,539438,8,35,190000
BIDS,1,34230144,547339,9,526,190000
BIDS,1,34230144,597699,9,50,190000
BIDS,1,34230144,601784,4,50,190000
BIDS,1,34230144,623230,0,200,190000
BIDS,1,34230144,710027,7,40,190000
BIDS,1,34230144,1014330,0,21,190000
BIDS,1,34230144,1023352,2,100,190000
BIDS,1,34230144,1034449,9,500,190000
BIDS,1,34230144,1035623,3,100,190000
BIDS,1,34230144,1098242,2,295,190000
BIDS,1,34230144,1140070,0,100,190000
BIDS,1,34230144,1143264,4,200,190000
BIDS,1,34230144,1145327,7,200,190000
BIDS,1,34230144,1145836,6,100,190000
BIDS,1,34230144,1158919,9,30,190000
BIDS,1,34230144,1182383,3,50,190000
BIDS,1,34230144,1202658,8,100,190000
BIDS,1,34230260,5209196,6,200,197500
BIDS,1,34230393,5213930,0,200,197500
BIDS,0,34230393,5213930,0,200,197500
BIDS,1,34230775,1206042,2,2000,190000
BIDS,1,34230775,1212545,5,200,190000
BIDS,1,34230775,1219275,5,500,190000
BIDS,1,34230775,1219497,7,200,190000
BIDS,1,34230775,1243059,9,59,190000
BIDS,1,34230775,1243060,0,59,190000
BIDS,1,34230775,1243063,3,253,190000
BIDS,1,34230775,1243072,2,59,190000
BIDS,1,34230775,1321877,7,11,190000
BIDS,1,34230775,1328064,4,10,190000
BIDS,1,34230775,1477388,8,230,190000
BIDS,1,34230775,1491847,7,315,190000
BIDS,1,34230775,1528613,3,5000,190000
BIDS,1,34230775,1845682,2,173,190000
BIDS,1,34230775,1877294,4,100,190000
BIDS,1,34230775,1879912,2,100,190000
BIDS,1,34230775,1903115,5,200,190000
BIDS,1,34230775,1905375,5,1000,190000
BIDS,1,34230775,1970980,0,1500,190000
BIDS,1,34230775,2012324,4,40,190000
BIDS,1,34230775,2033044,4,15,190000
BIDS,1,34230775,2050999,9,50,190000
BIDS,1,34230775,2054749,9,8,190000
BIDS,1,34230775,2061460,0,300,190000
BIDS,1,34230775,2063860,0,20,190000
BIDS,1,34230775,2068830,0,20,190000
BIDS,1,34230775,2073821,1,21,190000
BIDS,1,34230775,2083116,6,500,190000
BIDS,1,34230775,2089024,4,200,190000
BIDS,1,34230775,2093698,8,3000,190000
BIDS,1,34230775,2113901,1,300,190000
BIDS,1,34230775,2126226,6,500,190000
BIDS,1,34230775,2135223,3,100,190000
BIDS,1,34230775,2150122,2,100,190000
BIDS,1,34230775,2153878,8,600,190000
BIDS,1,34230775,2227479,9,200,190000
BIDS,1,34230775,2357153,3,100,190000
BIDS,1,34230775,2408796,6,300,190000
BIDS,1,34230775,2437379,9,125,190000
BIDS,1,34230775,2437473,3,600,190000
BIDS,1,34230775,2437687,7,300,190000
BIDS,1,34230775,2437835,5,50,190000
BIDS,1,34230775,2438468,8,530,190000
BIDS,1,34230775,2438801,1,1000,190000
BIDS,1,34230775,2438857,7,200,190000
BIDS,1,34230775,2439066,6,100,190000
BIDS,0,34229845,5196666,6,100,197100
BIDS,1,34230796,5228869,9,100,197600
BIDS,1,34230796,5228881,1,200,197500
BIDS,1,34230797,5228897,7,2100,197600
BIDS,1,34230797,5228905,5,100,197200
BIDS,0,34230796,5228881,1,200,197500
BIDS,0,34227755,5145922,2,100,197400
BIDS,0,34226993,5129918,8,100,197300
BIDS,1,34230799,5228967,7,200,197600
BIDS,1,34230799,5228977,7,100,197600
BIDS,1,34230800,5229022,2,100,197400
BIDS,0,34230797,5228905,5,100,197200
BIDS,1,34230804,5229166,6,100,197300
BIDS,1,34230804,5229173,3,200,197600
BIDS,0,34230804,5229173,3,200,197600
BIDS,0,34230799,5228977,7,100,197600
BIDS,0,34230796,5228869,9,100,197600
BIDS,0,34230797,5228897,7,2100,197600
BIDS,1,34230797,5228897,7,1900,197600
BIDS,1,34231322,2439084,4,25,190000
BIDS,1,34231322,2439376,6,50,190000
BIDS,1,34231322,2439544,4,100,190000
BIDS,1,34231322,2534217,7,15,190000
BIDS,1,34231322,2609600,0,200,190000
BIDS,1,34231322,2665805,5,300,190000
BIDS,1,34231322,2775320,0,200,190000
BIDS,1,34231322,2918856,6,1150,190000
BIDS,1,34231322,2951998,8,10,190000
BIDS,1,34231322,3266337,7,1105,190000
BIDS,1,34231322,328775,5,600,189900
BIDS,1,34231322,512774,4,65,189900
BIDS,1,34231322,46342,2,27,189800
BIDS,1,34231322,509065,5,100,189500
BIDS,1,34231322,538838,8,100,189400
BIDS,1,34231322,2563008,8,50,189000
BIDS,0,34230260,5209196,6,200,197500
BIDS,1,34231378,5247297,7,200,197700
BIDS,0,34230797,5228897,7,1900,197600
BIDS,1,34231640,5255445,5,100,197700
BIDS,0,34228137,5156837,7,100,197400
BIDS,1,34231641,5255517,7,100,197600
BIDS,1,34231818,445069,9,500,188900
BIDS,1,34231818,329485,5,2800,188800
BIDS,1,34231818,364938,8,200,188800
BIDS,1,34231818,1045358,8,1000,188800
BIDS,1,34231818,1983218,8,6700,188800
BIDS,1,34231818,359873,3,1000,188500
BIDS,1,34231818,1037457,7,500,188500
BIDS,1,34231818,2214758,8,800,188400
BIDS,1,34231818,539838,8,300,188100
BIDS,1,34231818,1384335,5,100,188100
BIDS,1,34231818,393844,4,162,188000
BIDS,1,34232238,5270493,3,100,197500
BIDS,1,34232265,416113,3,1063,188000
BIDS,1,34232265,1041453,3,200,188000
BIDS,1,34232265,1518174,4,200,188000
BIDS,1,34232265,1536844,4,15,188000
BIDS,1,34232265,2046247,7,100,188000
BIDS,1,34232265,697626,6,1005,187800
BIDS,1,34232265,2138127,7,1200,187800
BIDS,1,34232265,503874,4,200,187700
BIDS,1,34232265,2102650,0,200,187700
BIDS,1,34232265,1932961,1,100,187600
BIDS,1,34232265,301297,7,100,187500
BIDS,1,34232265,321525,5,20,187500
BIDS,1,34232265,328766,6,100,187500
BIDS,1,34232265,359778,8,27,187500
BIDS,1,34232265,361801,1,100,187500
BIDS,1,34232265,364927,7,300,187500
BIDS,1,34232265,455999,9,1500,187500
BIDS,1,34232265,476449,9,300,187500
BIDS,1,34232265,482821,1,525,187500
BIDS,1,34232265,515036,6,2000,187500
BIDS,1,34232265,575795,5,125,187500
BIDS,1,34232265,630227,7,500,187500
BIDS,1,34232265,1142750,0,265,187500
BIDS,1,34232265,1884243,3,105,187500
BIDS,1,34232265,1884245,5,600,187500
BIDS,1,34232265,1884247,7,400,187500
BIDS,1,34232265,1884249,9,60,187500
BIDS,1,34232265,2135140,0,500,187500
BIDS,1,34232265,2199977,7,1000,187500
BIDS,1,34232265,2439669,9,1000,187500
BIDS,1,34232265,2756859,9,200,187500
BIDS,1,34232265,361238,8,115,187400
BIDS,1,34232678,371813,3,20,187400
BIDS,1,34232678,2439498,8,600,187400
BIDS,1,34232678,2054384,4,50,187200
BIDS,1,34232678,361540,0,75,187100
BIDS,1,34232678,359328,8,100,187000
BIDS,1,34232678,359779,9,50,187000
BIDS,1,34232678,371784,4,100,187000
BIDS,1,34232678,529605,5,100,187000
BIDS,1,34232678,1294831,1,85,187000
BIDS,1,34232678,2277549,9,1500,187000
BIDS,1,34232678,2438326,6,100,187000
BIDS,1,34232678,3333278,8,50,187000
BIDS,1,34232678,321378,8,160,186900
BIDS,1,34232678,1884253,3,535,186900
BIDS,1,34232678,422840,0,500,186700
BIDS,1,34233061,46364,4,804,186500
BIDS,1,34233061,528788,8,200,186000
BIDS,1,34233061,1347640,0,75,186000
BIDS,1,34233061,361451,1,30,185900
BIDS,1,34233061,654777,7,350,185900
BIDS,1,34233061,371780,0,100,185800
BIDS,1,34233061,446078,8,1000,185800
BIDS,1,34233061,1015633,3,300,185600
BIDS,1,34233061,359885,5,100,185500
BIDS,1,34233413,1203003,3,200,185500
BIDS,1,34233413,1884257,7,400,185500
BIDS,1,34233413,2024626,6,600,185300
BIDS,1,34233413,8092,2,484,185200
BIDS,1,34233413,1047154,4,600,185200
BIDS,1,34233413,512507,7,100,185100
BIDS,1,34233413,1884258,8,50,185100
BIDS,1,34233413,1884259,9,100,185100
BIDS,1,34233413,1884260,0,3265,185100
BIDS,1,34233413,2010045,5,200,185100
BIDS,1,34233413,2439109,9,1,185100
BIDS,1,34233413,2719386,6,200,185100
BIDS,1,34233413,290988,8,300,185000
BIDS,1,34233413,291552,2,200,185000
BIDS,1,34233413,301217,7,800,185000
BIDS,1,34233413,322494,4,200,185000
BIDS,1,34233413,322497,7,200,185000
BIDS,1,34233413,324340,0,100,185000
BIDS,1,34233413,325280,0,100,185000
BIDS,1,34233413,327118,8,200,185000
BIDS,1,34233413,327614,4,20,185000
BIDS,1,34233413,327777,7,3000,185000
BIDS,1,34233413,327823,3,10,185000
BIDS,1,34233413,329976,6,200,185000
BIDS,1,34233413,330212,2,15,185000
BIDS,1,34233413,333235,5,500,185000
BIDS,1,34233413,333442,2,100,185000
BIDS,1,34233413,335348,8,5,185000
BIDS,1,34233413,336236,6,76,185000
BIDS,1,34233413,358447,7,100,185000
BIDS,1,34233413,358620,0,500,185000
BIDS,1,34233413,358650,0,48,185000
BIDS,1,34233413,358665,5,100,185000
BIDS,1,34233413,358996,6,520,185000
BIDS,1,34233413,359375,5,100,185000
BIDS,1,34233413,359513,3,100,185000
BIDS,1,34233413,359775,5,100,185000
BIDS,1,34233413,359838,8,48,185000
BIDS,1,34233413,359882,2,1000,185000
BIDS,1,34233413,360652,2,50,185000
BIDS,1,34233413,360666,6,10,185000
BIDS,1,34233413,360668,8,500,185000
BIDS,1,34233413,360793,3,100,185000
BIDS,1,34233413,361235,5,300,185000
BIDS,1,34233413,361311,1,60,185000
BIDS,1,34233413,361736,6,100,185000
BIDS,1,34233413,361958,8,300,185000
BIDS,1,34233413,369474,4,275,185000
BIDS,1,34233413,371746,6,20,185000
BIDS,1,34233413,371749,9,10,185000
BIDS,1,34233413,371752,2,500,185000
BIDS,1,34233413,371757,7,200,185000
BIDS,1,34233413,371760,0,100,185000
BIDS,1,34233413,371765,5,100,185000
BIDS,1,34233413,371768,8,500,185000
BIDS,1,34233413,371791,1,100,185000
BIDS,1,34233413,371810,0,1000,185000
BIDS,1,34233413,371859,9,100,185000
BIDS,1,34233413,371901,1,1000,185000
BIDS,1,34233413,373112,2,100,185000
BIDS,1,34233413,396498,8,54,185000
BIDS,1,34233413,396629,9,50,185000
BIDS,1,34233413,402537,7,2000,185000
BIDS,1,34233413,411742,2,2000,185000
BIDS,1,34233413,416027,7,100,185000
BIDS,1,34233413,437236,6,100,185000
BIDS,1,34233413,440044,4,100,185000
BIDS,1,34233413,444799,9,30,185000
BIDS,1,34233413,456254,4,43,185000
BIDS,1,34233734,460305,5,500,185000
BIDS,1,34233734,471740,0,100,185000
BIDS,1,34233734,479176,6,100,185000
BIDS,1,34233734,510107,7,500,185000
BIDS,1,34233734,512259,9,200,185000
BIDS,1,34233734,513389,9,2000,185000
BIDS,1,34233734,513432,2,1000,185000
BIDS,1,34233734,513646,6,250,185000
BIDS,1,34233734,515182,2,300,185000
BIDS,1,34233734,520995,5,100,185000
BIDS,1,34233734,528491,1,400,185000
BIDS,1,34233734,528541,1,100,185000
BIDS,1,34233734,528684,4,1000,185000
BIDS,1,34233734,529054,4,200,185000
BIDS,1,34233734,529437,7,100,185000
BIDS,1,34233734,529638,8,300,185000
BIDS,1,34233734,529698,8,100,185000
BIDS,1,34233734,529716,6,200,185000
BIDS,1,34233734,530085,5,500,185000
BIDS,1,34233734,530283,3,1000,185000
BIDS,1,34233734,530406,6,2657,185000
BIDS,1,34233734,530627,7,100,185000
BIDS,1,34233734,530856,6,200,185000
BIDS,1,34233734,539385,5,10,185000
BIDS,1,34233734,545262,2,1000,185000
BIDS,1,34233734,992072,2,500,185000
BIDS,1,34233734,1021379,9,100,185000
BIDS,1,34233734,1135994,4,1000,185000
BIDS,1,34233734,1135996,6,500,185000
BIDS,1,34233734,1145843,3,10,185000
BIDS,1,34233734,1243923,3,500,185000
BIDS,1,34233734,1244077,7,500,185000
BIDS,1,34233734,1252813,3,500,185000
BIDS,1,34233734,1336903,3,200,185000
BIDS,1,34233734,1552322,2,100,185000
BIDS,1,34233734,1793219,9,1000,185000
BIDS,1,34233734,1804329,9,2000,185000
BIDS,1,34233734,2067470,0,300,185000
BIDS,1,34233734,2128033,3,200,185000
BIDS,1,34233734,2380554,4,200,185000
BIDS,1,34233734,2437125,5,500,185000
BIDS,1,34233734,2437297,7,100,185000
BIDS,1,34233734,2437581,1,100,185000
BIDS,1,34233734,2438793,3,50,185000
BIDS,1,34233734,2612302,2,100,185000
BIDS,1,34233734,2701342,2,151,185000
BIDS,1,34233734,2896939,9,500,185000
BIDS,1,34233734,371792,2,27,184900
BIDS,1,34233734,1043976,6,100,184500
BIDS,1,34233734,1403087,7,300,184500
BIDS,1,34233734,1884296,6,300,184500
BIDS,1,34233734,2894892,2,300,184500
BIDS,1,34233734,2439087,7,1,184400
BIDS,1,34233734,46344,4,20,184200
BIDS,1,34233734,508350,0,200,184200
BIDS,1,34233734,528886,6,200,184200
BIDS,1,34233734,358558,8,1550,184000
BIDS,1,34233955,5307504,4,100,197500
BIDS,1,34234028,359771,1,25,184000
BIDS,1,34234028,2438775,5,50,184000
BIDS,1,34234028,2437947,7,200,183700
BIDS,1,34234028,2439034,4,1,183700
BIDS,1,34234028,335024,4,310,183600
BIDS,1,34234028,530641,1,100,183500
BIDS,1,34234028,2831675,5,300,183500
BIDS,1,34234028,390531,1,100,183300
BIDS,1,34234028,8093,3,160,183200
BIDS,1,34234309,2030155,5,1100,183100
BIDS,1,34234309,361624,4,54,183000
BIDS,1,34234309,405644,4,50,183000
BIDS,1,34234309,1003942,2,100,183000
BIDS,1,34234309,1044748,8,1000,183000
BIDS,1,34234309,1136470,0,1000,183000
BIDS,1,34234309,2438964,4,1,183000
BIDS,1,34234309,1884301,1,100,182900
BIDS,1,34234309,1564646,6,400,182800
BIDS,1,34234309,1884302,2,200,182700
BIDS,1,34234309,480790,0,269,182600
BIDS,1,34234565,301411,1,130,182500
BIDS,1,34234565,319787,7,55,182500
BIDS,1,34234565,323959,9,150,182500
BIDS,1,34234565,326142,2,300,182500
BIDS,1,34234565,327787,7,22,182500
BIDS,1,34234565,359759,9,100,182500
BIDS,1,34234565,364611,1,25,182500
BIDS,1,34234565,370131,1,100,182500
BIDS,1,34234565,371870,0,600,182500
BIDS,1,34234565,528531,1,50,182500
BIDS,1,34234565,529574,4,250,182500
BIDS,1,34234565,529753,3,1000,182500
BIDS,1,34234565,530357,7,500,182500
BIDS,1,34234565,534052,2,500,182500
BIDS,1,34234565,539314,4,60,182500
BIDS,1,34234565,539817,7,166,182500
BIDS,1,34234565,583622,2,200,182500
BIDS,1,34234565,636784,4,5000,182500
BIDS,1,34234565,1135124,4,100,182500
BIDS,1,34234565,1243806,6,500,182500
BIDS,1,34234565,1243927,7,400,182500
BIDS,1,34234565,1535267,7,67,182500
BIDS,1,34234565,1884305,5,1000,182500
BIDS,1,34234565,1884308,8,100,182500
BIDS,1,34234565,1884309,9,500,182500
BIDS,1,34234565,2042039,9,50,182500
BIDS,1,34234565,2437561,1,55,182500
BIDS,1,34234565,2690165,5,2000,182500
BIDS,1,34234565,2840228,8,200,182500
BIDS,1,34234565,371788,8,28,182300
BIDS,1,34234565,528747,7,300,182300
BIDS,1,34234565,529898,8,100,182300
BIDS,1,34234565,2438974,4,2,182300
BIDS,1,34234565,358521,1,100,182200
BIDS,1,34234565,371873,3,50,182100
BIDS,1,34234565,624393,3,400,182100
BIDS,1,34234565,2439590,0,3000,182100
BIDS,1,34234565,46345,5,30,182000
BIDS,1,34234565,371803,3,300,182000
BIDS,1,34234565,515085,5,120,182000
BIDS,1,34234565,528094,4,1000,182000
BIDS,1,34234565,529870,0,2000,182000
BIDS,1,34234565,531687,7,1668,182000
BIDS,1,34234565,538288,8,560,182000
BIDS,1,34234565,592183,3,500,182000
BIDS,1,34234565,1141369,9,3300,182000
BIDS,1,34234802,1464154,4,60,182000
BIDS,1,34234802,2437811,1,350,182000
BIDS,1,34234802,2439629,9,400,182000
BIDS,1,34234802,1679929,9,350,181800
BIDS,1,34234802,491861,1,1700,181600
BIDS,1,34234802,515087,7,800,181600
BIDS,1,34234802,2437948,8,2,181600
BIDS,1,34234802,515024,4,39,181500
BIDS,1,34234802,586792,2,105,181500
BIDS,1,34234802,1884334,4,100,181500
BIDS,1,34234802,291086,6,250,181300
BIDS,1,34234802,364747,7,100,181200
BIDS,1,34235017,595144,4,100,181100
BIDS,1,34235017,8503,3,4000,181000
BIDS,1,34235017,329010,0,10,181000
BIDS,1,34235017,413195,5,1000,181000
BIDS,1,34235017,471641,1,150,181000
BIDS,1,34235017,528201,1,50,181000
BIDS,1,34235017,528973,3,270,181000
BIDS,1,34235017,622578,8,1000,181000
